name:he,latitude,longitude,belongs,type
נס ציונה,31.9208632,34.7905743,עיר,עיר
רחובות,31.8934429,34.806665,עיר,עיר
מג'דל א-שמס,33.268388,35.776167,עיר,עיר
בוקעאתא,33.2097816,35.7789566,עיר,עיר
מסעדה,33.2303921,35.7745654,עיר,עיר
עין קנייא,33.2391826,35.7342145,עיר,עיר
מצפה רמון,30.6282974,34.8224959,עיר,עיר
ירוחם,31.0127563,34.9124725,עיר,עיר
נאות חובב,31.1181666,34.8430399,עיר,עיר
אשקלון,31.6689613,34.5531364,עיר,עיר
עומר,31.2745169,34.8487248,עיר,עיר
דימונה,31.0780389,35.0850931,עיר,עיר
תל שבע,31.2505692,34.8658582,עיר,עיר
מיתר,31.3236702,34.9374941,עיר,עיר
חורה,31.2957458,34.9405655,עיר,עיר
ערד,31.259903,35.2291369,עיר,עיר
כסייפה,31.240538,35.0912012,עיר,עיר
ערערה בנגב,31.1576075,35.0180527,עיר,עיר
באר שבע,31.2580293,34.7943978,עיר,עיר
שגב שלום,31.2013234,34.829761,עיר,עיר
לקיה,31.3218899,34.8707871,עיר,עיר
אילת,29.6254459,34.944585,עיר,עיר
ע'ג'ר,33.2698823,35.63095,עיר,עיר
קרית שמונה,33.211582,35.5764977,עיר,עיר
מטולה,33.2691661,35.5765482,עיר,עיר
אופקים,31.3080678,34.6361803,עיר,עיר
נתיבות,31.4217959,34.5931104,עיר,עיר
יסוד המעלה,33.061231,35.6049381,עיר,עיר
קצרין,32.9911109,35.6950767,עיר,עיר
רהט,31.3872141,34.7522638,עיר,עיר
להבים,31.3708188,34.809492,עיר,עיר
ראש פינה,32.9924925,35.5572375,עיר,עיר
טובא זנגריה,32.9650651,35.5897844,עיר,עיר
צפת,32.9581555,35.496666,עיר,עיר
חצור הגלילית,32.9851337,35.5421003,עיר,עיר
בית שמש,31.731312,34.9871294,עיר,עיר
קרית גת,31.613324,34.7714058,עיר,עיר
שדרות,31.5328742,34.5999316,עיר,עיר
אשדוד,31.8129899,34.6595346,עיר,עיר
גן יבנה,31.7904866,34.7006846,עיר,עיר
גדרה,31.8145383,34.7803155,עיר,עיר
"בני עי""ש",31.791333,34.7609477,עיר,עיר
עפולה,32.6089799,35.3108286,עיר,עיר
אום אל-פחם,32.5324342,35.1512369,עיר,עיר
מעלה עירון,32.5496539,35.175703,עיר,עיר
בית שאן,32.5017959,35.4956685,עיר,עיר
קרית מלאכי,31.7309347,34.752318,עיר,עיר
יבנה,31.8816585,34.7149299,עיר,עיר
מבשרת ציון,31.7966713,35.1520742,עיר,עיר
מזכרת בתיה,31.840541,34.8442926,עיר,עיר
ירושלים,31.7961435,35.1751235,עיר,עיר
קרית עקרון,31.8615112,34.8225839,עיר,עיר
מודיעין-מכבים-רעות,31.8954236,34.9873159,עיר,עיר
רמלה,31.9257419,34.868026,עיר,עיר
באר יעקב,31.9477459,34.8407975,עיר,עיר
לוד,31.9535985,34.8911491,עיר,עיר
קרית יערים,31.8054662,35.0992853,עיר,עיר
אבו גוש,31.8065162,35.1085953,עיר,עיר
ראשון לציון,31.9749608,34.7787412,עיר,עיר
בית דגן,31.9983838,34.8297841,עיר,עיר
בת ים,32.0131235,34.7453451,עיר,עיר
אזור,32.022503,34.8058962,עיר,עיר
חולון,32.0136965,34.7850257,עיר,עיר
אור יהודה,32.029023,34.8515218,עיר,עיר
יהוד מונוסון,32.0321852,34.8869814,עיר,עיר
רמת גן,32.0708345,34.8268585,עיר,עיר
תל־אביב–יפו,32.0881602,34.7956964,עיר,עיר
פתח תקווה,32.0906419,34.8874427,עיר,עיר
בני ברק,32.0887183,34.8353594,עיר,עיר
הרצליה,32.1734707,34.8261063,עיר,עיר
רמת השרון,32.1353218,34.8317862,עיר,עיר
גבעת שמואל,32.0779996,34.8517752,עיר,עיר
קריית אונו,32.0521514,34.8524764,עיר,עיר
גבעתיים,32.070152,34.8092978,עיר,עיר
נתניה,32.3041939,34.8603758,עיר,עיר
כפר יונה,32.3233058,34.9284807,עיר,עיר
פרדסיה,32.3078967,34.909329,עיר,עיר
הוד השרון,32.1460228,34.8915859,עיר,עיר
רעננה,32.1896838,34.8640112,עיר,עיר
כפר סבא,32.1802248,34.921053,עיר,עיר
כפר שמריהו,32.1858909,34.8261078,עיר,עיר
כפר כמא,32.7197687,35.4333256,עיר,עיר
שבלי - אום אל-ר'נם,32.6858431,35.3968221,עיר,עיר
איכסאל,32.673073,35.3298125,עיר,עיר
מגדל העמק,32.6800668,35.2441377,עיר,עיר
יפיע,32.683597,35.2709737,עיר,עיר
נוף הגליל,32.7253885,35.3497002,עיר,עיר
דבוריה,32.6893614,35.3671203,עיר,עיר
כפר תבור,32.6845378,35.4220878,עיר,עיר
עין מאהל,32.7182083,35.3567982,עיר,עיר
משהד,32.7533568,35.3227225,עיר,עיר
ריינה,32.7291815,35.3055636,עיר,עיר
כפר כנא,32.7530323,35.3465822,עיר,עיר
עילוט,32.720391,35.2634,עיר,עיר
נצרת,32.7045332,35.2897933,עיר,עיר
בועיינה ניג'ידאת,32.8125929,35.3739868,עיר,עיר
ביר אל מכסור,32.7855889,35.2241013,עיר,עיר
טורעאן,32.7753088,35.3808409,עיר,עיר
כפר מנדא,32.806287,35.2612743,עיר,עיר
אעבלין,32.8280041,35.17466,עיר,עיר
כווכב אבו אל-היג'א,32.8295302,35.2511444,עיר,עיר
שפרעם,32.80091,35.1789465,עיר,עיר
טמרה,32.8502268,35.177099,עיר,עיר
כאבול,32.8766928,35.2031154,עיר,עיר
יבנאל,32.7101461,35.5115433,עיר,עיר
טבריה,32.7830887,35.5291301,עיר,עיר
מגדל,32.8364653,35.4946433,עיר,עיר
מר'אר,32.8732293,35.4205252,עיר,עיר
עילבון,32.8422808,35.4001665,עיר,עיר
קרית אתא,32.8015192,35.1060152,עיר,עיר
קרית ביאליק,32.8423869,35.0940029,עיר,עיר
חיפה,32.8003263,35.0148555,עיר,עיר
נשר,32.7668042,35.0420437,עיר,עיר
קרית ים,32.8615738,35.0743102,עיר,עיר
עכו,32.9174426,35.0870296,עיר,עיר
קרית מוצקין,32.8484234,35.0829327,עיר,עיר
דיר אל אסד,32.9443194,35.2751964,עיר,עיר
כרמיאל,32.9124577,35.3116617,עיר,עיר
בענה,32.9289182,35.2785653,עיר,עיר
מג'ד אל כרום,32.9155461,35.229017,עיר,עיר
שעב,32.8931258,35.2232812,עיר,עיר
נחף,32.9350065,35.3167482,עיר,עיר
סג'ור,32.9390008,35.3427176,עיר,עיר
כסרה - סמיע,32.9716817,35.295991,עיר,עיר
כוכב יאיר,32.220069,34.9952116,עיר,עיר
טירה,32.2331504,34.9603285,עיר,עיר
טייבה,32.2615389,34.9990376,עיר,עיר
יקנעם עילית,32.6551822,35.0883266,עיר,עיר
פוריידיס,32.5982889,34.9534574,עיר,עיר
"בסמ""ה",32.5056954,35.1007061,עיר,עיר
כפר קרע,32.5052941,35.047022,עיר,עיר
ערערה,32.5013817,35.0932129,עיר,עיר
ג'וליס,32.9415161,35.1802806,עיר,עיר
ירכא,32.9577981,35.2107279,עיר,עיר
כפר יאסיף,32.9507643,35.1486642,עיר,עיר
ג'דיידה-מכר,32.931292,35.1422728,עיר,עיר
דיר חנא,32.8641681,35.3676261,עיר,עיר
עראבה,32.8558766,35.3406127,עיר,עיר
זכרון יעקב,32.565165,34.9654331,עיר,עיר
בנימינה - גבעת עדה,32.5257485,34.9756072,עיר,עיר
אור עקיבא,32.5023664,34.925904,עיר,עיר
פרדס חנה - כרכור,32.4748661,34.9783627,עיר,עיר
חדרה,32.44078,34.9204764,עיר,עיר
אליכין,32.4078771,34.9219859,עיר,עיר
ג׳סר א-זרקא,32.5384761,34.9060045,עיר,עיר
ראמה,32.9336993,35.3729797,עיר,עיר
סכנין,32.8601439,35.3080001,עיר,עיר
ג'ש,33.0234167,35.4307811,עיר,עיר
בית ג'ן,32.9658943,35.3765296,עיר,עיר
קדימה - צורן,32.2823096,34.921349,עיר,עיר
קלנסווה,32.2930928,34.9779606,עיר,עיר
אבן יהודה,32.267806,34.8812768,עיר,עיר
תל מונד,32.2410455,34.9058504,עיר,עיר
זמר,32.3621263,35.0329572,עיר,עיר
באקה אל-גרבייה,32.4188926,35.0358983,עיר,עיר
חריש,32.4667626,35.0615885,עיר,עיר
אבו סנאן,32.9661483,35.1546362,עיר,עיר
אלעד,32.0512475,34.954834,עיר,עיר
בסמת טבעון,32.7413152,35.146211,עיר,עיר
גני תקווה,32.0632232,34.8754583,עיר,עיר
ראש העין,32.0924245,34.9638132,עיר,עיר
יאנוח - ג'ת,32.978343,35.2445634,עיר,עיר
קריית טבעון,32.7124518,35.1235114,עיר,עיר
טירת הכרמל,32.76453,34.9651143,עיר,עיר
דלית אל-כרמל,32.695598,35.0518342,עיר,עיר
עוספייא,32.7196286,35.062355,עיר,עיר
פסוטה,33.0531058,35.3068637,עיר,עיר
מעלות תרשיחא,33.0142923,35.2456572,עיר,עיר
חורפיש,33.0219039,35.345801,עיר,עיר
ג'לג'וליה,32.1494406,34.9481885,עיר,עיר
כפר ברא,32.1293999,34.9725309,עיר,עיר
כפר קאסם,32.1176142,34.9687157,עיר,עיר
שהם,32.0025298,34.9498422,עיר,עיר
מגדל תפן,32.9751137,35.2755435,עיר,עיר
כפר ורדים,32.9989808,35.2607254,עיר,עיר
שלומי,33.0666284,35.1464075,עיר,עיר
מעיליא,33.0289984,35.2575551,עיר,עיר
מזרעה,32.9845945,35.10328,עיר,עיר
נהריה,33.0158476,35.1346473,עיר,עיר
סביון,32.0451902,34.8786739,עיר,עיר
רמת ישי,32.7062105,35.1688535,עיר,עיר
זרזיר,32.7231939,35.2236426,עיר,עיר
כעביה טבאש חג'אג'רה,32.7501721,35.1845906,עיר,עיר
פקיעין -בוקייעה,32.9776504,35.3236866,עיר,עיר
רכסים,32.7498616,35.1107389,עיר,עיר
ג'ת,32.4013056,35.030802,עיר,עיר
אלפי מנשה,32.1631428,35.0056984,עיר,עיר
צור הדסה,31.7182052,35.0995369,עיר,עיר
עזוז,30.7916672,34.4722219,מועצה אזורית רמת נגב,ישוב
שדה בוקר,30.8737395,34.7925947,מועצה אזורית רמת נגב,ישוב
אשלים,30.9638905,34.7002742,מועצה אזורית רמת נגב,ישוב
ניצנה,30.8863231,34.421866,מועצה אזורית רמת נגב,ישוב
משאבי שדה,31.0032681,34.7861244,מועצה אזורית רמת נגב,ישוב
ניצני סיני,30.903912,34.3968932,מועצה אזורית רמת נגב,ישוב
טללים,30.9919058,34.7700732,מועצה אזורית רמת נגב,ישוב
מרחב עם,30.8886192,34.828885,מועצה אזורית רמת נגב,ישוב
כמהין,30.9100139,34.4310272,מועצה אזורית רמת נגב,ישוב
באר מילכה,30.9328457,34.4070405,מועצה אזורית רמת נגב,ישוב
רתמים,31.0539263,34.690428,מועצה אזורית רמת נגב,ישוב
שיזף,31.0016511,34.7654842,מועצה אזורית רמת נגב,ישוב
רביבים,31.0431631,34.7207022,מועצה אזורית רמת נגב,ישוב
עבדה,30.7521979,34.7764715,מועצה אזורית רמת נגב,ישוב
אל-בקאר,30.848957,34.7362894,מועצה אזורית רמת נגב,ישוב
מדרשת בן גוריון,30.8515927,34.7825759,מועצה אזורית רמת נגב,ישוב
ואדי אריכא,30.6868943,34.7827793,מועצה אזורית רמת נגב,ישוב
עבדה,30.809602,34.7560859,מועצה אזורית רמת נגב,ישוב
ואדי אל-משאש,31.0810276,34.8477767,מועצה אזורית רמת נגב,ישוב
מסלול,31.3253422,34.5885811,מועצה אזורית מרחבים,ישוב
פדויים,31.3277011,34.612047,מועצה אזורית מרחבים,ישוב
בטחה,31.3342804,34.6344922,מועצה אזורית מרחבים,ישוב
מבועים,31.4492727,34.6547505,מועצה אזורית מרחבים,ישוב
פטיש,31.3273849,34.5602722,מועצה אזורית מרחבים,ישוב
שדה צבי,31.4485403,34.713287,מועצה אזורית מרחבים,ישוב
קלחים,31.4505907,34.6780963,מועצה אזורית מרחבים,ישוב
אשל הנשיא,31.3253413,34.6977854,מועצה אזורית מרחבים,ישוב
טל אור,31.3520796,34.4971043,מועצה אזורית מרחבים,ישוב
ניר עקיבא,31.4695439,34.64547,מועצה אזורית מרחבים,ישוב
"פעמי תש""ז",31.4381567,34.6930068,מועצה אזורית מרחבים,ישוב
תלמי ביל״ו,31.4377026,34.6454808,מועצה אזורית מרחבים,ישוב
רנן,31.3377917,34.6004634,מועצה אזורית מרחבים,ישוב
תפרח,31.3265145,34.677459,מועצה אזורית מרחבים,ישוב
ניר משה,31.4772702,34.6299737,מועצה אזורית מרחבים,ישוב
אשבול,31.4475021,34.6664352,מועצה אזורית מרחבים,ישוב
גילת,31.329171,34.6516508,מועצה אזורית מרחבים,ישוב
שבי דרום,31.4655951,34.6358264,מועצה אזורית מרחבים,ישוב
עדי נגב - נחלת ערן,31.3155253,34.5945971,מועצה אזורית מרחבים,ישוב
דביר,31.4134736,34.8232634,מועצה אזורית בני שמעון,ישוב
נבטים,31.2225371,34.8807983,מועצה אזורית בני שמעון,ישוב
ברוש,31.3706542,34.6350858,מועצה אזורית בני שמעון,ישוב
חצרים,31.24041,34.7150744,מועצה אזורית בני שמעון,ישוב
בית קמה,31.4475406,34.7622872,מועצה אזורית בני שמעון,ישוב
שובל,31.4143179,34.7437672,מועצה אזורית בני שמעון,ישוב
משמר הנגב,31.3641285,34.7186798,מועצה אזורית בני שמעון,ישוב
תדהר,31.379004,34.6284545,מועצה אזורית בני שמעון,ישוב
להב,31.3794212,34.8701057,מועצה אזורית בני שמעון,ישוב
תאשור,31.3718709,34.6437068,מועצה אזורית בני שמעון,ישוב
שומריה,31.4317698,34.8857795,מועצה אזורית בני שמעון,ישוב
גבעות בר,31.3556259,34.7592233,מועצה אזורית בני שמעון,ישוב
אעצם,31.2945366,34.901081,מועצה אזורית בני שמעון,ישוב
כרמים,31.3356266,34.9190091,מועצה אזורית בני שמעון,ישוב
אל-עראקיב,31.3461717,34.7796999,מועצה אזורית בני שמעון,ישוב
אל עביד,31.3668804,34.8618054,מועצה אזורית בני שמעון,ישוב
אל-עראקיב,31.3223695,34.7491721,מועצה אזורית בני שמעון,ישוב
ביר אל חמאם,31.2314737,34.9003974,מועצה אזורית בני שמעון,ישוב
ח'אשם זאנה,31.2026412,34.8830699,מועצה אזורית בני שמעון,ישוב
כרכור,31.3464736,34.7673197,מועצה אזורית בני שמעון,ישוב
Unknown,31.3502218,34.7612481,מועצה אזורית בני שמעון,ישוב
חוות הר שמש,31.3925761,34.8428239,מועצה אזורית בני שמעון,ישוב
קצר א סיר,31.0793738,34.9848798,מועצה אזורית נווה מדבר,ישוב
ביר הדאג',31.0262625,34.7031024,מועצה אזורית נווה מדבר,ישוב
הוואשלה,31.0933681,34.9773785,מועצה אזורית נווה מדבר,ישוב
בית פלט,31.1858851,34.9357531,מועצה אזורית נווה מדבר,ישוב
אבו תלול,31.1861956,34.9128014,מועצה אזורית נווה מדבר,ישוב
אבו עשיבה,31.1249343,34.9587107,מועצה אזורית נווה מדבר,ישוב
אבו עמאר,31.1373783,34.9532604,מועצה אזורית נווה מדבר,ישוב
עין חצבה,30.7982828,35.2463979,מועצה אזורית תמר,ישוב
עין בוקק,31.2013827,35.3638836,מועצה אזורית תמר,ישוב
נאות הכיכר,30.9330032,35.3772356,מועצה אזורית תמר,ישוב
נווה זוהר,31.1529016,35.365301,מועצה אזורית תמר,ישוב
עין גדי,31.4523959,35.3848241,מועצה אזורית תמר,ישוב
הר עמשא,31.3426169,35.1021887,מועצה אזורית תמר,ישוב
עין תמר,30.943309,35.3747349,מועצה אזורית תמר,ישוב
קבועה,31.2251888,35.2171235,מועצה אזורית תמר,ישוב
ישוב בדואי,31.2756726,35.2835653,מועצה אזורית תמר,ישוב
באר מנוחה,30.3075298,35.1352113,מועצה אזורית הערבה התיכונה,ישוב
ספיר,30.6140945,35.1846411,מועצה אזורית הערבה התיכונה,ישוב
פארן,30.3626131,35.1538972,מועצה אזורית הערבה התיכונה,ישוב
עין יהב,30.6569021,35.2381753,מועצה אזורית הערבה התיכונה,ישוב
צופר,30.5586234,35.1801426,מועצה אזורית הערבה התיכונה,ישוב
עידן,30.8060345,35.2994035,מועצה אזורית הערבה התיכונה,ישוב
חצבה,30.7677164,35.2796246,מועצה אזורית הערבה התיכונה,ישוב
צוקים,30.4916247,35.1647889,מועצה אזורית הערבה התיכונה,ישוב
עיר אובות,30.8117804,35.2469853,מועצה אזורית הערבה התיכונה,ישוב
"נח""ל יעלון",30.0517959,35.0424032,מועצה אזורית חבל אילות,ישוב
שיטים,30.1767668,35.0164837,מועצה אזורית חבל אילות,ישוב
יטבתה,29.8959204,35.0596217,מועצה אזורית חבל אילות,ישוב
נווה חריף,30.0389533,35.0358704,מועצה אזורית חבל אילות,ישוב
באר אורה,29.7101748,34.986604,מועצה אזורית חבל אילות,ישוב
אילות,29.5812438,34.962663,מועצה אזורית חבל אילות,ישוב
נאות סמדר,30.0486435,35.0257351,מועצה אזורית חבל אילות,ישוב
גרופית,29.941716,35.0642049,מועצה אזורית חבל אילות,ישוב
יהל,30.0819416,35.1287689,מועצה אזורית חבל אילות,ישוב
קטורה,29.9696388,35.0610494,מועצה אזורית חבל אילות,ישוב
אליפז,29.7964294,35.0119398,מועצה אזורית חבל אילות,ישוב
סמר,29.8333743,35.022744,מועצה אזורית חבל אילות,ישוב
לוטן,29.9867806,35.0886439,מועצה אזורית חבל אילות,ישוב
שחרות,29.9036921,34.9992198,מועצה אזורית חבל אילות,ישוב
דישון,33.0813243,35.5175202,מועצה אזורית מבואות החרמון,ישוב
שדה אליעזר,33.0458869,35.5641252,מועצה אזורית מבואות החרמון,ישוב
רמות נפתלי,33.1022971,35.5531168,מועצה אזורית מבואות החרמון,ישוב
אליפלט,32.9480271,35.547389,מועצה אזורית מבואות החרמון,ישוב
בית הלל,33.2083012,35.6069281,מועצה אזורית מבואות החרמון,ישוב
שאר ישוב,33.2272088,35.6463364,מועצה אזורית מבואות החרמון,ישוב
מרגליות,33.2148047,35.5444859,מועצה אזורית מבואות החרמון,ישוב
משמר הירדן,33.0055656,35.6002731,מועצה אזורית מבואות החרמון,ישוב
כחל,32.8913179,35.5107113,מועצה אזורית מבואות החרמון,ישוב
כרכום,32.9293327,35.6085627,מועצה אזורית מבואות החרמון,ישוב
אמנון,32.9043478,35.5705088,מועצה אזורית מבואות החרמון,ישוב
כורזים,32.9109804,35.5526611,מועצה אזורית מבואות החרמון,ישוב
כפר יובל,33.2474176,35.5974916,מועצה אזורית מבואות החרמון,ישוב
כפר בלום,33.1723656,35.6101218,מועצה אזורית גליל עליון,ישוב
מלכיה,33.0992486,35.5116985,מועצה אזורית גליל עליון,ישוב
משגב עם,33.2477885,35.5486672,מועצה אזורית גליל עליון,ישוב
קדרים,32.8984224,35.4737461,מועצה אזורית גליל עליון,ישוב
מחניים,32.9886405,35.570735,מועצה אזורית גליל עליון,ישוב
סאסא,33.026907,35.39499,מועצה אזורית גליל עליון,ישוב
דפנה,33.2303715,35.6392634,מועצה אזורית גליל עליון,ישוב
גונן,33.1238763,35.6462866,מועצה אזורית גליל עליון,ישוב
עמיר,33.1787718,35.620776,מועצה אזורית גליל עליון,ישוב
דן,33.2400913,35.6530878,מועצה אזורית גליל עליון,ישוב
מנרה,33.195939,35.5446083,מועצה אזורית גליל עליון,ישוב
עמיעד,32.9262991,35.5412309,מועצה אזורית גליל עליון,ישוב
ברעם,33.0586061,35.4338884,מועצה אזורית גליל עליון,ישוב
חולתה,33.0511117,35.6091616,מועצה אזורית גליל עליון,ישוב
שמיר,33.163887,35.6591721,מועצה אזורית גליל עליון,ישוב
נאות מרדכי,33.160576,35.5965774,מועצה אזורית גליל עליון,ישוב
יפתח,33.1286135,35.5519473,מועצה אזורית גליל עליון,ישוב
כפר סאלד,33.1946879,35.657851,מועצה אזורית גליל עליון,ישוב
איילת השחר,33.0215976,35.5759521,מועצה אזורית גליל עליון,ישוב
כפר הנשיא,32.9748875,35.6038283,מועצה אזורית גליל עליון,ישוב
יראון,33.0777838,35.455753,מועצה אזורית גליל עליון,ישוב
שדה נחמיה,33.1869061,35.6245075,מועצה אזורית גליל עליון,ישוב
להבות הבשן,33.1406178,35.646246,מועצה אזורית גליל עליון,ישוב
הגושרים,33.2211258,35.6230745,מועצה אזורית גליל עליון,ישוב
שניר,33.2410034,35.6781947,מועצה אזורית גליל עליון,ישוב
כפר גלעדי,33.2417843,35.5749608,מועצה אזורית גליל עליון,ישוב
מעיין ברוך,33.2397998,35.6078756,מועצה אזורית גליל עליון,ישוב
גדות,33.0180702,35.6189207,מועצה אזורית גליל עליון,ישוב
צבעון,33.0259411,35.4165978,מועצה אזורית גליל עליון,ישוב
מבוא חמה,32.7363463,35.6556132,מועצה אזורית גולן,ישוב
אלי עד,32.8060623,35.7337191,מועצה אזורית גולן,ישוב
מעלה גמלא,32.8892522,35.6853352,מועצה אזורית גולן,ישוב
גשור,32.8191803,35.716008,מועצה אזורית גולן,ישוב
מיצר,32.7686851,35.7369807,מועצה אזורית גולן,ישוב
נטור,32.8538055,35.7514617,מועצה אזורית גולן,ישוב
כנף,32.8694734,35.6979749,מועצה אזורית גולן,ישוב
מרום גולן,33.1321192,35.7773161,מועצה אזורית גולן,ישוב
שעל,33.1166371,35.7187153,מועצה אזורית גולן,ישוב
אורטל,33.0852392,35.7594308,מועצה אזורית גולן,ישוב
אניעם,32.9568708,35.7397621,מועצה אזורית גולן,ישוב
קשת,32.980733,35.8085857,מועצה אזורית גולן,ישוב
קלע אלון,33.1307876,35.6824901,מועצה אזורית גולן,ישוב
אלוני הבשן,33.0440867,35.8391653,מועצה אזורית גולן,ישוב
עין זיוון,33.0962822,35.7961971,מועצה אזורית גולן,ישוב
"נווה אטי""ב",33.2619578,35.7407856,מועצה אזורית גולן,ישוב
נמרוד,33.2452094,35.7510271,מועצה אזורית גולן,ישוב
חד נס,32.928396,35.6429709,מועצה אזורית גולן,ישוב
חיספין,32.8450731,35.7928356,מועצה אזורית גולן,ישוב
נוב,32.832269,35.7831891,מועצה אזורית גולן,ישוב
רמות,32.8498005,35.6667474,מועצה אזורית גולן,ישוב
רמת מגשימים,32.8440285,35.8073845,מועצה אזורית גולן,ישוב
קדמת צבי,33.0297367,35.6970294,מועצה אזורית גולן,ישוב
אפיק,32.7797901,35.7016937,מועצה אזורית גולן,ישוב
בני יהודה,32.7984155,35.6902145,מועצה אזורית גולן,ישוב
גבעת יואב,32.8002848,35.6838088,מועצה אזורית גולן,ישוב
נאות גולן,32.7867059,35.6929699,מועצה אזורית גולן,ישוב
אודם,33.1943741,35.7483145,מועצה אזורית גולן,ישוב
אל-רום,33.1796457,35.7721224,מועצה אזורית גולן,ישוב
רמת טראמפ,33.1326279,35.6905836,מועצה אזורית גולן,ישוב
יונתן,32.9384707,35.794963,מועצה אזורית גולן,ישוב
אבני איתן,32.8246384,35.7667337,מועצה אזורית גולן,ישוב
עין א-דיסה,33.2174173,35.6862228,מועצה אזורית גולן,ישוב
יד נתן,31.6528819,34.7055051,מועצה אזורית לכיש,ישוב
שדה משה,31.6101976,34.8026633,מועצה אזורית לכיש,ישוב
מנוחה,31.6565157,34.7766986,מועצה אזורית לכיש,ישוב
שדה דוד,31.5766262,34.6846417,מועצה אזורית לכיש,ישוב
תלמים,31.5635578,34.6720813,מועצה אזורית לכיש,ישוב
עוצם,31.6366498,34.7025584,מועצה אזורית לכיש,ישוב
אחוזם,31.5522246,34.7706958,מועצה אזורית לכיש,ישוב
ניר ח״ן,31.6084431,34.7145081,מועצה אזורית לכיש,ישוב
אמציה,31.5324669,34.9143066,מועצה אזורית לכיש,ישוב
זוהר,31.5956483,34.6937036,מועצה אזורית לכיש,ישוב
שחר,31.6184063,34.7240639,מועצה אזורית לכיש,ישוב
נהורה,31.6226942,34.70469,מועצה אזורית לכיש,ישוב
נוגה,31.6252155,34.6953049,מועצה אזורית לכיש,ישוב
שקף,31.5156708,34.9377978,מועצה אזורית לכיש,ישוב
בני דקלים,31.5174853,34.9199141,מועצה אזורית לכיש,ישוב
נטע,31.4778481,34.9266422,מועצה אזורית לכיש,ישוב
אליאב,31.529931,34.9314799,מועצה אזורית לכיש,ישוב
לכיש,31.5608984,34.8410694,מועצה אזורית לכיש,ישוב
כרמי קטיף,31.5372434,34.9126772,מועצה אזורית לכיש,ישוב
מעלה החמישה,31.8174857,35.1115939,מועצה אזורית מטה יהודה,ישוב
שורש,31.7974834,35.0651321,מועצה אזורית מטה יהודה,ישוב
בית מאיר,31.7938835,35.0360826,מועצה אזורית מטה יהודה,ישוב
זנוח,31.7315665,35.0007321,מועצה אזורית מטה יהודה,ישוב
נס הרים,31.7444618,35.0579576,מועצה אזורית מטה יהודה,ישוב
כפר אוריה,31.7919952,34.9465718,מועצה אזורית מטה יהודה,ישוב
מסילת ציון,31.8018055,35.0115252,מועצה אזורית מטה יהודה,ישוב
אדרת,31.6597433,34.9956875,מועצה אזורית מטה יהודה,ישוב
תרום,31.7825667,34.9815088,מועצה אזורית מטה יהודה,ישוב
צלפון,31.8041263,34.9327461,מועצה אזורית מטה יהודה,ישוב
נוה אילן,31.8092425,35.0788877,מועצה אזורית מטה יהודה,ישוב
אביעזר,31.6811888,35.0177211,מועצה אזורית מטה יהודה,ישוב
בקוע,31.8294277,34.9270405,מועצה אזורית מטה יהודה,ישוב
שדות מיכה,31.7214757,34.9206369,מועצה אזורית מטה יהודה,ישוב
עמינדב,31.7511296,35.1419938,מועצה אזורית מטה יהודה,ישוב
רמת רחל,31.7387105,35.2183447,מועצה אזורית מטה יהודה,ישוב
שואבה,31.7991564,35.0790886,מועצה אזורית מטה יהודה,ישוב
נחם,31.7665744,35.0039498,מועצה אזורית מטה יהודה,ישוב
בית נקופה,31.8028567,35.1252694,מועצה אזורית מטה יהודה,ישוב
"נתיב הל""ה",31.6885598,34.9823355,מועצה אזורית מטה יהודה,ישוב
צרעה,31.7627391,34.9686245,מועצה אזורית מטה יהודה,ישוב
עין ראפה,31.7901732,35.1162744,מועצה אזורית מטה יהודה,ישוב
זכריה,31.7097914,34.944079,מועצה אזורית מטה יהודה,ישוב
אורה,31.7527467,35.1534987,מועצה אזורית מטה יהודה,ישוב
גבעת ישעיהו,31.6702146,34.9462929,מועצה אזורית מטה יהודה,ישוב
גפן,31.7404809,34.8792303,מועצה אזורית מטה יהודה,ישוב
מחסיה,31.7481682,35.0073522,מועצה אזורית מטה יהודה,ישוב
מטע,31.7169307,35.0615698,מועצה אזורית מטה יהודה,ישוב
ישעי,31.7516368,34.965419,מועצה אזורית מטה יהודה,ישוב
נווה מיכאל,31.6729774,35.0059119,מועצה אזורית מטה יהודה,ישוב
מבוא ביתר,31.7227202,35.1071186,מועצה אזורית מטה יהודה,ישוב
מוצא עילית,31.7934936,35.1565626,מועצה אזורית מטה יהודה,ישוב
אשתאול,31.7801952,35.0097885,מועצה אזורית מטה יהודה,ישוב
צובה,31.7826765,35.1206998,מועצה אזורית מטה יהודה,ישוב
אבן ספיר,31.7629815,35.1351189,מועצה אזורית מטה יהודה,ישוב
טל שחר,31.80506,34.9022119,מועצה אזורית מטה יהודה,ישוב
קריית ענבים,31.8100172,35.1203388,מועצה אזורית מטה יהודה,ישוב
צפרירים,31.6600453,34.9443771,מועצה אזורית מטה יהודה,ישוב
נחשון,31.830965,34.9559212,מועצה אזורית מטה יהודה,ישוב
לוזית,31.6877948,34.8877384,מועצה אזורית מטה יהודה,ישוב
בית זית,31.7825806,35.1593248,מועצה אזורית מטה יהודה,ישוב
נחושה,31.6287914,34.9522836,מועצה אזורית מטה יהודה,ישוב
תעוז,31.8020367,34.9744581,מועצה אזורית מטה יהודה,ישוב
תירוש,31.750842,34.8860998,מועצה אזורית מטה יהודה,ישוב
בר גיורא,31.7298209,35.0726527,מועצה אזורית מטה יהודה,ישוב
עגור,31.6971051,34.9129214,מועצה אזורית מטה יהודה,ישוב
נוה שלום,31.8175068,34.9781914,מועצה אזורית מטה יהודה,ישוב
עין נקובא,31.793619,35.119127,מועצה אזורית מטה יהודה,ישוב
נטף,31.8320125,35.0679987,מועצה אזורית מטה יהודה,ישוב
גבעת יערים,31.7859942,35.092569,מועצה אזורית מטה יהודה,ישוב
כסלון,31.7740865,35.0492326,מועצה אזורית מטה יהודה,ישוב
רמת רזיאל,31.7736589,35.0737596,מועצה אזורית מטה יהודה,ישוב
גיזו,31.8041199,34.9380852,מועצה אזורית מטה יהודה,ישוב
גבעות עדן,31.6605794,35.0157215,מועצה אזורית מטה יהודה,ישוב
הראל,31.8093796,34.9490776,מועצה אזורית מטה יהודה,ישוב
יד השמונה,31.8094724,35.0901961,מועצה אזורית מטה יהודה,ישוב
בית ספר חקלאי עין כרם,31.7787551,35.1531904,מועצה אזורית מטה יהודה,ישוב
איתנים,31.7790429,35.095001,מועצה אזורית מטה יהודה,ישוב
גבעת שמש,31.774962,34.9515702,מועצה אזורית מטה יהודה,ישוב
כפר זוהרים,31.6217119,34.9248916,מועצה אזורית מטה יהודה,ישוב
שריגים (לי־און),31.6770338,34.9357965,מועצה אזורית מטה יהודה,ישוב
שלווה,31.5635204,34.7680435,מועצה אזורית שפיר,ישוב
נועם,31.5669098,34.7890968,מועצה אזורית שפיר,ישוב
עוזה,31.592477,34.7649543,מועצה אזורית שפיר,ישוב
עין צורים,31.6940539,34.7200879,מועצה אזורית שפיר,ישוב
מרכז שפירא,31.6951844,34.7071255,מועצה אזורית שפיר,ישוב
קוממיות,31.6619651,34.7297701,מועצה אזורית שפיר,ישוב
משואות יצחק,31.7023455,34.6898673,מועצה אזורית שפיר,ישוב
איתן,31.5728416,34.7487221,מועצה אזורית שפיר,ישוב
רווחה,31.6495132,34.7317085,מועצה אזורית שפיר,ישוב
אבן שמואל,31.5748942,34.7643312,מועצה אזורית שפיר,ישוב
זרחיה,31.6806835,34.7455072,מועצה אזורית שפיר,ישוב
זבדיאל,31.6584287,34.759748,מועצה אזורית שפיר,ישוב
אלומה,31.652036,34.7426718,מועצה אזורית שפיר,ישוב
שפיר,31.6970563,34.7284254,מועצה אזורית שפיר,ישוב
נגבה,31.6623288,34.6827493,מועצה אזורית יואב,ישוב
כפר מנחם,31.7309768,34.8352311,מועצה אזורית יואב,ישוב
רבדים,31.7730474,34.8153077,מועצה אזורית יואב,ישוב
בית ניר,31.6472934,34.874131,מועצה אזורית יואב,ישוב
קדמה,31.7007444,34.7751348,מועצה אזורית יואב,ישוב
סגולה,31.6697258,34.7791534,מועצה אזורית יואב,ישוב
כפר הרי״ף,31.7463333,34.7924638,מועצה אזורית יואב,ישוב
גת,31.6268616,34.7951088,מועצה אזורית יואב,ישוב
שדה יואב,31.6457313,34.6769569,מועצה אזורית יואב,ישוב
בית גוברין,31.6123189,34.8964162,מועצה אזורית יואב,ישוב
נחלה,31.657961,34.7949816,מועצה אזורית יואב,ישוב
ורדון,31.6635292,34.7821917,מועצה אזורית יואב,ישוב
אל עזי,31.7189244,34.8142702,מועצה אזורית יואב,ישוב
גלאון,31.6340593,34.8490324,מועצה אזורית יואב,ישוב
כפר ורבורג,31.7199638,34.7241807,מועצה אזורית באר טוביה,ישוב
עזריקם,31.7537708,34.6949023,מועצה אזורית באר טוביה,ישוב
ינון,31.7429158,34.7795177,מועצה אזורית באר טוביה,ישוב
חצור אשדוד,31.7730925,34.7210185,מועצה אזורית באר טוביה,ישוב
ביצרון,31.7950527,34.7392791,מועצה אזורית באר טוביה,ישוב
נווה מבטח,31.8059239,34.7410254,מועצה אזורית באר טוביה,ישוב
אביגדור,31.7109457,34.7435754,מועצה אזורית באר טוביה,ישוב
ערוגות,31.7346866,34.7708779,מועצה אזורית באר טוביה,ישוב
תלמי יחיאל,31.753729,34.7639978,מועצה אזורית באר טוביה,ישוב
חצב,31.7792702,34.7693634,מועצה אזורית באר טוביה,ישוב
בית עזרא,31.7366309,34.6563769,מועצה אזורית באר טוביה,ישוב
שדה עוזיהו,31.7575803,34.6784685,מועצה אזורית באר טוביה,ישוב
כנות,31.8026404,34.752375,מועצה אזורית באר טוביה,ישוב
כפר אחים,31.7448291,34.7563983,מועצה אזורית באר טוביה,ישוב
באר טוביה,31.7338758,34.7262903,מועצה אזורית באר טוביה,ישוב
גבעתי,31.7340046,34.6793054,מועצה אזורית באר טוביה,ישוב
תימורים,31.7160922,34.7613397,מועצה אזורית באר טוביה,ישוב
אמונים,31.7453369,34.676988,מועצה אזורית באר טוביה,ישוב
ניר בנים,31.6717215,34.7542446,מועצה אזורית באר טוביה,ישוב
שתולים,31.7719562,34.683597,מועצה אזורית באר טוביה,ישוב
אורות,31.7407214,34.734914,מועצה אזורית באר טוביה,ישוב
עזר,31.7365072,34.6714475,מועצה אזורית באר טוביה,ישוב
מישר,31.8175349,34.7531216,מועצה אזורית גדרות,ישוב
משגב דב,31.819884,34.7385694,מועצה אזורית גדרות,ישוב
כפר מרדכי,31.8310864,34.7561791,מועצה אזורית גדרות,ישוב
כפר אביב,31.8318165,34.7213367,מועצה אזורית גדרות,ישוב
גן הדרום,31.803614,34.6997994,מועצה אזורית גדרות,ישוב
עשרת,31.8247948,34.7455804,מועצה אזורית גדרות,ישוב
שדמה,31.8330746,34.7403755,מועצה אזורית גדרות,ישוב
קבוצת יבנה,31.8138222,34.7190625,מועצה אזורית חבל יבנה,ישוב
בית רבן - גבעת וושינגטון,31.8168499,34.7281236,מועצה אזורית חבל יבנה,ישוב
בית גמליאל,31.8553605,34.7626358,מועצה אזורית חבל יבנה,ישוב
ניר גלים,31.8244735,34.6819467,מועצה אזורית חבל יבנה,ישוב
בן זכאי,31.8568839,34.729583,מועצה אזורית חבל יבנה,ישוב
בני דרום,31.8206628,34.6915762,מועצה אזורית חבל יבנה,ישוב
כפר מיסר,32.6452471,35.4228553,מועצה אזורית בוסתן-אל-מרג',ישוב
ניין,32.6307267,35.3488686,מועצה אזורית בוסתן-אל-מרג',ישוב
דחי,32.6203995,35.3449947,מועצה אזורית בוסתן-אל-מרג',ישוב
סולם,32.6061864,35.3338887,מועצה אזורית בוסתן-אל-מרג',ישוב
אליקים,32.6327376,35.0670512,מועצה אזורית מגידו,ישוב
רמת השופט,32.6119762,35.0949392,מועצה אזורית מגידו,ישוב
עין העמק,32.6290135,35.0853937,מועצה אזורית מגידו,ישוב
רמות מנשה,32.5978839,35.0576452,מועצה אזורית מגידו,ישוב
מדרך עוז,32.5954691,35.1603051,מועצה אזורית מגידו,ישוב
משמר העמק,32.6105821,35.1421972,מועצה אזורית מגידו,ישוב
הזורע,32.6437923,35.1206465,מועצה אזורית מגידו,ישוב
גבעת עוז,32.5558926,35.1986272,מועצה אזורית מגידו,ישוב
דליה,32.589315,35.0758253,מועצה אזורית מגידו,ישוב
עין השופט,32.5957666,35.1000352,מועצה אזורית מגידו,ישוב
יוקנעם המושבה,32.6538407,35.1147661,מועצה אזורית מגידו,ישוב
גלעד,32.557279,35.0757127,מועצה אזורית מגידו,ישוב
מגידו,32.5786915,35.1806937,מועצה אזורית מגידו,ישוב
דגניה ב',32.6999198,35.5747095,מועצה אזורית עמק הירדן,ישוב
מסדה,32.683069,35.5987945,מועצה אזורית עמק הירדן,ישוב
דגניה א',32.7084791,35.5748582,מועצה אזורית עמק הירדן,ישוב
אלמגור,32.9139417,35.603248,מועצה אזורית עמק הירדן,ישוב
אשדות יעקב איחוד,32.6581629,35.5811432,מועצה אזורית עמק הירדן,ישוב
אפיקים,32.681369,35.5783318,מועצה אזורית עמק הירדן,ישוב
האון,32.7269806,35.6236405,מועצה אזורית עמק הירדן,ישוב
אשדות יעקב מאוחד,32.662065,35.5820015,מועצה אזורית עמק הירדן,ישוב
כנרת מושבה,32.7231985,35.56444,מועצה אזורית עמק הירדן,ישוב
חוקוק,32.8800375,35.4944564,מועצה אזורית עמק הירדן,ישוב
פוריה - נווה עובד,32.7436659,35.5376169,מועצה אזורית עמק הירדן,ישוב
פוריה כפר עבודה,32.7187697,35.5474069,מועצה אזורית עמק הירדן,ישוב
אלומות,32.7069863,35.5462845,מועצה אזורית עמק הירדן,ישוב
פוריה עילית,32.7322318,35.5457217,מועצה אזורית עמק הירדן,ישוב
עין גב,32.7811125,35.6388846,מועצה אזורית עמק הירדן,ישוב
שער הגולן,32.6858143,35.6042877,מועצה אזורית עמק הירדן,ישוב
כרי דשא,32.8642361,35.5385109,מועצה אזורית עמק הירדן,ישוב
קבוצת כנרת,32.7138728,35.5625249,מועצה אזורית עמק הירדן,ישוב
גינוסר,32.8476404,35.5236258,מועצה אזורית עמק הירדן,ישוב
בית זרע,32.6882909,35.5733669,מועצה אזורית עמק הירדן,ישוב
תל קציר,32.7051904,35.6178217,מועצה אזורית עמק הירדן,ישוב
מעגן,32.706731,35.6010794,מועצה אזורית עמק הירדן,ישוב
טבח'ה,32.873249,35.5499246,מועצה אזורית עמק הירדן,ישוב
רביד,32.8515851,35.4634262,מועצה אזורית עמק הירדן,ישוב
כפר יחזקאל,32.5682864,35.3624076,מועצה אזורית גלבוע,ישוב
דבורה,32.553108,35.2635109,מועצה אזורית גלבוע,ישוב
מיטב,32.5457376,35.301291,מועצה אזורית גלבוע,ישוב
אדירים,32.5490732,35.2711676,מועצה אזורית גלבוע,ישוב
חפציבה,32.5181674,35.4258324,מועצה אזורית גלבוע,ישוב
ניר יפה,32.5696288,35.2452983,מועצה אזורית גלבוע,ישוב
רם און,32.5272379,35.259032,מועצה אזורית גלבוע,ישוב
טמרה,32.6343499,35.4042528,מועצה אזורית גלבוע,ישוב
ברק,32.5424671,35.2653811,מועצה אזורית גלבוע,ישוב
גדעונה,32.5487479,35.359246,מועצה אזורית גלבוע,ישוב
חבר,32.5487129,35.2643296,מועצה אזורית גלבוע,ישוב
יזרעאל,32.5623514,35.32134,מועצה אזורית גלבוע,ישוב
תל יוסף,32.5561076,35.3996519,מועצה אזורית גלבוע,ישוב
סנדלה,32.5231227,35.3237725,מועצה אזורית גלבוע,ישוב
מוקיבלה,32.5140208,35.2976327,מועצה אזורית גלבוע,ישוב
רמת צבי,32.5915062,35.4145248,מועצה אזורית גלבוע,ישוב
מלאה,32.5634638,35.2359604,מועצה אזורית גלבוע,ישוב
בית השיטה,32.5510774,35.4382178,מועצה אזורית גלבוע,ישוב
גדיש,32.5588503,35.2448954,מועצה אזורית גלבוע,ישוב
אביטל,32.5578557,35.3063551,מועצה אזורית גלבוע,ישוב
נעורה,32.6140155,35.3903478,מועצה אזורית גלבוע,ישוב
בית אלפא,32.5160003,35.4312857,מועצה אזורית גלבוע,ישוב
יעל,32.5519235,35.3079001,מועצה אזורית גלבוע,ישוב
אומן,32.5641159,35.2422454,מועצה אזורית גלבוע,ישוב
פרזון,32.5454121,35.3111616,מועצה אזורית גלבוע,ישוב
נורית,32.542654,35.3560394,מועצה אזורית גלבוע,ישוב
א-טייבה א-זועביה,32.6032121,35.4447957,מועצה אזורית גלבוע,ישוב
מגן שאול,32.5206793,35.3067307,מועצה אזורית גלבוע,ישוב
עין חרוד,32.558712,35.3932991,מועצה אזורית גלבוע,ישוב
גן נר,32.5308688,35.3391118,מועצה אזורית גלבוע,ישוב
גבע,32.5663362,35.3715486,מועצה אזורית גלבוע,ישוב
מולדת,32.5860767,35.4401307,מועצה אזורית גלבוע,ישוב
כפר יהושע,32.6820586,35.1522509,מועצה אזורית עמק יזרעאל,ישוב
הסוללים,32.751099,35.238324,מועצה אזורית עמק יזרעאל,ישוב
דברת,32.6479447,35.3505185,מועצה אזורית עמק יזרעאל,ישוב
בית לחם הגלילית,32.7345558,35.1890555,מועצה אזורית עמק יזרעאל,ישוב
יפעת,32.6771965,35.2238731,מועצה אזורית עמק יזרעאל,ישוב
תמרת,32.7038078,35.2253075,מועצה אזורית עמק יזרעאל,ישוב
ציפורי,32.7443077,35.2781186,מועצה אזורית עמק יזרעאל,ישוב
אלונים,32.7199093,35.1446939,מועצה אזורית עמק יזרעאל,ישוב
כפר ברוך,32.6460182,35.1930067,מועצה אזורית עמק יזרעאל,ישוב
מושב מרחביה,32.6024516,35.3159604,מועצה אזורית עמק יזרעאל,ישוב
עין דור,32.6562519,35.417043,מועצה אזורית עמק יזרעאל,ישוב
היוגב,32.6114253,35.2056603,מועצה אזורית עמק יזרעאל,ישוב
גזית,32.6382136,35.446739,מועצה אזורית עמק יזרעאל,ישוב
כפר החורש,32.7013318,35.2741896,מועצה אזורית עמק יזרעאל,ישוב
קיבוץ מרחביה,32.6051468,35.3076714,מועצה אזורית עמק יזרעאל,ישוב
שריד,32.6641744,35.2249937,מועצה אזורית עמק יזרעאל,ישוב
בית שערים,32.6961671,35.1794979,מועצה אזורית עמק יזרעאל,ישוב
גבת,32.6747246,35.2107773,מועצה אזורית עמק יזרעאל,ישוב
מזרע,32.6509756,35.2861087,מועצה אזורית עמק יזרעאל,ישוב
בלפוריה,32.6302897,35.2970682,מועצה אזורית עמק יזרעאל,ישוב
תל עדשים,32.6562957,35.3024078,מועצה אזורית עמק יזרעאל,ישוב
נהלל,32.6900631,35.1968485,מועצה אזורית עמק יזרעאל,ישוב
כפר גדעון,32.6429826,35.2915832,מועצה אזורית עמק יזרעאל,ישוב
אלוני אבא,32.7310157,35.1713637,מועצה אזורית עמק יזרעאל,ישוב
רמת דוד,32.6775703,35.2039032,מועצה אזורית עמק יזרעאל,ישוב
שדה יעקב,32.6974241,35.1417499,מועצה אזורית עמק יזרעאל,ישוב
נווה עמיאל,32.7022049,35.1373831,מועצה אזורית עמק יזרעאל,ישוב
כפר תקווה,32.7013642,35.1145291,מועצה אזורית עמק יזרעאל,ישוב
חנתון,32.7826077,35.2458555,מועצה אזורית עמק יזרעאל,ישוב
הרדוף,32.7641117,35.1728315,מועצה אזורית עמק יזרעאל,ישוב
גבעת אלה,32.7208483,35.2448953,מועצה אזורית עמק יזרעאל,ישוב
שמשית,32.7328247,35.2472359,מועצה אזורית עמק יזרעאל,ישוב
אלון הגליל,32.7571188,35.2199802,מועצה אזורית עמק יזרעאל,ישוב
מנשייה זבדה,32.7061013,35.192161,מועצה אזורית עמק יזרעאל,ישוב
אחוזת ברק,32.6418437,35.3387534,מועצה אזורית עמק יזרעאל,ישוב
עדי,32.781891,35.1736274,מועצה אזורית עמק יזרעאל,ישוב
סוואעד חמירה,32.7673988,35.1682,מועצה אזורית עמק יזרעאל,ישוב
הושעיה,32.7585699,35.2932906,מועצה אזורית עמק יזרעאל,ישוב
גניגר,32.6642603,35.2569439,מועצה אזורית עמק יזרעאל,ישוב
בית זייד,32.7021471,35.1312908,מועצה אזורית עמק יזרעאל,ישוב
מסילות,32.495833,35.4750001,מועצה אזורית עמק המעיינות,ישוב
מנחמיה,32.6670217,35.5555869,מועצה אזורית עמק המעיינות,ישוב
גשר,32.6206515,35.5520809,מועצה אזורית עמק המעיינות,ישוב
כפר רופין,32.4581631,35.556773,מועצה אזורית עמק המעיינות,ישוב
ניר דוד,32.5027374,35.4567497,מועצה אזורית עמק המעיינות,ישוב
שדה אליהו,32.4405328,35.5149917,מועצה אזורית עמק המעיינות,ישוב
ירדנה,32.5644389,35.5645775,מועצה אזורית עמק המעיינות,ישוב
בית יוסף,32.5588132,35.5523146,מועצה אזורית עמק המעיינות,ישוב
רוויה,32.4492455,35.4727211,מועצה אזורית עמק המעיינות,ישוב
שדי תרומות,32.441356,35.4854373,מועצה אזורית עמק המעיינות,ישוב
שלוחות,32.4718472,35.4819367,מועצה אזורית עמק המעיינות,ישוב
מעלה גלבוע,32.4780173,35.4174978,מועצה אזורית עמק המעיינות,ישוב
מעוז חיים,32.4933804,35.5512649,מועצה אזורית עמק המעיינות,ישוב
רשפים,32.4818532,35.4775438,מועצה אזורית עמק המעיינות,ישוב
חמדיה,32.5201037,35.5203765,מועצה אזורית עמק המעיינות,ישוב
טירת צבי,32.4218582,35.5279708,מועצה אזורית עמק המעיינות,ישוב
נווה איתן,32.4920626,35.5327856,מועצה אזורית עמק המעיינות,ישוב
נווה אור,32.5886496,35.5531494,מועצה אזורית עמק המעיינות,ישוב
עין הנציב,32.4697596,35.5014843,מועצה אזורית עמק המעיינות,ישוב
רחוב,32.4497108,35.4900246,מועצה אזורית עמק המעיינות,ישוב
מירב,32.4533873,35.4215378,מועצה אזורית עמק המעיינות,ישוב
מלכישוע,32.4385275,35.4130069,מועצה אזורית עמק המעיינות,ישוב
תל תאומים,32.4424193,35.4964482,מועצה אזורית עמק המעיינות,ישוב
שלפים,32.4762995,35.4772287,מועצה אזורית עמק המעיינות,ישוב
שדה נחום,32.5271296,35.4816414,מועצה אזורית עמק המעיינות,ישוב
חפץ חיים,31.788823,34.8000445,מועצה אזורית נחל שורק,ישוב
בית חלקיה,31.7926752,34.8108048,מועצה אזורית נחל שורק,ישוב
יד בנימין,31.7978401,34.8216119,מועצה אזורית נחל שורק,ישוב
בני ראם,31.7697849,34.79065,מועצה אזורית נחל שורק,ישוב
גני טל,31.7886881,34.791191,מועצה אזורית נחל שורק,ישוב
נצר חזני,31.8216134,34.8624802,מועצה אזורית נחל שורק,ישוב
יסודות,31.8149319,34.8661654,מועצה אזורית נחל שורק,ישוב
עיינות,31.9159502,34.7677914,מועצה אזורית גן רווה,ישוב
נטעים,31.9444441,34.7744439,מועצה אזורית גן רווה,ישוב
גאליה,31.8846855,34.764843,מועצה אזורית גן רווה,ישוב
כפר הנגיד,31.886691,34.7495578,מועצה אזורית גן רווה,ישוב
גן שורק,31.9447315,34.7599212,מועצה אזורית גן רווה,ישוב
בית עובד,31.921288,34.7737889,מועצה אזורית גן רווה,ישוב
פלמחים,31.9334124,34.7072589,מועצה אזורית גן רווה,ישוב
בית חנן,31.9337581,34.7740084,מועצה אזורית גן רווה,ישוב
אירוס,31.928452,34.7759097,מועצה אזורית גן רווה,ישוב
קדרון,31.8150988,34.7976591,מועצה אזורית ברנר,ישוב
בית אלעזרי,31.8460836,34.8030534,מועצה אזורית ברנר,ישוב
גן שלמה (קבוצת שילר),31.8777084,34.7982712,מועצה אזורית ברנר,ישוב
בניה,31.8434985,34.753611,מועצה אזורית ברנר,ישוב
גיבתון,31.8888206,34.7994843,מועצה אזורית ברנר,ישוב
גבעת ברנר,31.8675206,34.8004909,מועצה אזורית ברנר,ישוב
רמות מאיר,31.8745635,34.8558152,מועצה אזורית גזר,ישוב
נען,31.8837553,34.8570894,מועצה אזורית גזר,ישוב
סתריה,31.8918834,34.844046,מועצה אזורית גזר,ישוב
חולדה,31.8311138,34.8828125,מועצה אזורית גזר,ישוב
משמר איילון,31.8719461,34.9447916,מועצה אזורית גזר,ישוב
"כפר ביל""ו",31.8774823,34.8203144,מועצה אזורית גזר,ישוב
כפר שמואל,31.8891357,34.9328059,מועצה אזורית גזר,ישוב
פדיה,31.8580777,34.8821097,מועצה אזורית גזר,ישוב
פתחיה,31.8675842,34.8862877,מועצה אזורית גזר,ישוב
כפר בן-נון,31.8624687,34.9471855,מועצה אזורית גזר,ישוב
עזריה,31.8904994,34.9115676,מועצה אזורית גזר,ישוב
שעלבים,31.8699629,34.9839023,מועצה אזורית גזר,ישוב
בית חשמונאי,31.8880132,34.919009,מועצה אזורית גזר,ישוב
מצליח,31.9061802,34.8717789,מועצה אזורית גזר,ישוב
יציץ,31.8623432,34.8629537,מועצה אזורית גזר,ישוב
משמר דוד,31.8224828,34.9009264,מועצה אזורית גזר,ישוב
ישרש,31.915785,34.8499267,מועצה אזורית גזר,ישוב
בית עוזיאל,31.8693965,34.9051703,מועצה אזורית גזר,ישוב
"יד רמב""ם",31.8993715,34.9007465,מועצה אזורית גזר,ישוב
גני הדר,31.8792591,34.8530401,מועצה אזורית גזר,ישוב
נוף איילון,31.8705213,34.9896581,מועצה אזורית גזר,ישוב
נצר סרני,31.9230975,34.8239981,מועצה אזורית גזר,ישוב
כפר ביל״ו ב׳,31.8714201,34.8279165,מועצה אזורית גזר,ישוב
גני יוחנן,31.86029,34.8407361,מועצה אזורית גזר,ישוב
כרמי יוסף,31.8469647,34.9204701,מועצה אזורית גזר,ישוב
גזר (קיבוץ),31.8770069,34.9208529,מועצה אזורית גזר,ישוב
נחלים,32.0589718,34.9136499,מועצה אזורית חבל מודיעין,ישוב
כפר טרומן,31.980556,34.921667,מועצה אזורית חבל מודיעין,ישוב
כפר דניאל,31.9332996,34.9326218,מועצה אזורית חבל מודיעין,ישוב
אחיסמך,31.935556,34.908056,מועצה אזורית חבל מודיעין,ישוב
גינתון,31.9623127,34.9139386,מועצה אזורית חבל מודיעין,ישוב
רינתיה,32.043333,34.931667,מועצה אזורית חבל מודיעין,ישוב
בני עטרות,32.0235637,34.9118719,מועצה אזורית חבל מודיעין,ישוב
בן שמן,31.9522788,34.921944,מועצה אזורית חבל מודיעין,ישוב
מבוא מודיעים,31.9344938,34.9871687,מועצה אזורית חבל מודיעין,ישוב
גמזו,31.9276731,34.9418915,מועצה אזורית חבל מודיעין,ישוב
מזור,32.0523036,34.923418,מועצה אזורית חבל מודיעין,ישוב
חדיד,31.9682459,34.9337333,מועצה אזורית חבל מודיעין,ישוב
נופך,32.0435572,34.9207276,מועצה אזורית חבל מודיעין,ישוב
בית נחמיה,31.975811,34.9550835,מועצה אזורית חבל מודיעין,ישוב
ברקת,32.0188526,34.943779,מועצה אזורית חבל מודיעין,ישוב
בית עריף,31.9916349,34.933807,מועצה אזורית חבל מודיעין,ישוב
טירת יהודה,32.0140654,34.9333804,מועצה אזורית חבל מודיעין,ישוב
כפר הנוער בן שמן,31.9593427,34.9292611,מועצה אזורית חבל מודיעין,ישוב
בארות יצחק,32.0393656,34.9109112,מועצה אזורית חבל מודיעין,ישוב
גבעת כח,32.0302781,34.936667,מועצה אזורית חבל מודיעין,ישוב
לפיד,31.9175529,35.0319405,מועצה אזורית חבל מודיעין,ישוב
כפר רות,31.9107467,35.0357676,מועצה אזורית חבל מודיעין,ישוב
שילת,31.9205606,35.0173195,מועצה אזורית חבל מודיעין,ישוב
זיתן,31.9753923,34.891423,מועצה אזורית שדות דן,ישוב
יגל,31.9870408,34.8806084,מועצה אזורית שדות דן,ישוב
"כפר חב""ד",31.9885794,34.8473705,מועצה אזורית שדות דן,ישוב
אחיעזר,31.9811076,34.8716734,מועצה אזורית שדות דן,ישוב
ניר צבי,31.951381,34.8609717,מועצה אזורית שדות דן,ישוב
אבו ליבדה,31.9720509,34.845673,מועצה אזורית שדות דן,ישוב
דהמש,31.9436754,34.8670813,מועצה אזורית שדות דן,ישוב
"חמ""ד",32.0190455,34.8412271,מועצה אזורית שדות דן,ישוב
משמר השבעה,32.0091622,34.8233846,מועצה אזורית שדות דן,ישוב
צפריה,32.0052557,34.8550969,מועצה אזורית שדות דן,ישוב
גנות,32.0189905,34.8267021,מועצה אזורית שדות דן,ישוב
כפר סירקין,32.0777377,34.9235073,מועצה אזורית דרום השרון,ישוב
נחשונים,32.0614545,34.9492529,מועצה אזורית דרום השרון,ישוב
רמות השבים,32.1661738,34.8860426,מועצה אזורית דרום השרון,ישוב
צופית,32.1918302,34.923101,מועצה אזורית דרום השרון,ישוב
ירחיב,32.1531458,34.9683081,מועצה אזורית דרום השרון,ישוב
גני עם,32.151417,34.9017297,מועצה אזורית דרום השרון,ישוב
גבעת השלושה,32.0980886,34.9211469,מועצה אזורית דרום השרון,ישוב
כפר מעש,32.0651874,34.8874639,מועצה אזורית דרום השרון,ישוב
ניר אליהו,32.1973859,34.9483587,מועצה אזורית דרום השרון,ישוב
נוה ימין,32.1718831,34.9387948,מועצה אזורית דרום השרון,ישוב
"גבעת ח""ן",32.1685932,34.876063,מועצה אזורית דרום השרון,ישוב
חגור,32.1375681,34.9481658,מועצה אזורית דרום השרון,ישוב
מגשימים,32.0470353,34.8993144,מועצה אזורית דרום השרון,ישוב
נווה ירק,32.1333242,34.9242354,מועצה אזורית דרום השרון,ישוב
גת רימון,32.0674422,34.8805118,מועצה אזורית דרום השרון,ישוב
עינת,32.0827765,34.9394305,מועצה אזורית דרום השרון,ישוב
אלישמע,32.1519602,34.9279083,מועצה אזורית דרום השרון,ישוב
רמת הכובש,32.2152641,34.9393308,מועצה אזורית דרום השרון,ישוב
"כפר מל""ל",32.1670594,34.8934755,מועצה אזורית דרום השרון,ישוב
שדי חמד,32.1598443,34.9435452,מועצה אזורית דרום השרון,ישוב
חורשים,32.1372148,34.9706974,מועצה אזורית דרום השרון,ישוב
עדנים,32.1382948,34.9082736,מועצה אזורית דרום השרון,ישוב
שדה ורבורג,32.2093873,34.9048077,מועצה אזורית דרום השרון,ישוב
אייל,32.2113762,34.9789972,מועצה אזורית דרום השרון,ישוב
צור נתן,32.2407088,35.0138835,מועצה אזורית דרום השרון,ישוב
מתן,32.1561435,34.9742805,מועצה אזורית דרום השרון,ישוב
נירית,32.1466075,34.9843952,מועצה אזורית דרום השרון,ישוב
צור יצחק,32.24124,34.9983819,מועצה אזורית דרום השרון,ישוב
גן חיים,32.1950979,34.9054806,מועצה אזורית דרום השרון,ישוב
ירקונה,32.1459841,34.8987981,מועצה אזורית דרום השרון,ישוב
כפר ויתקין,32.3809359,34.8751918,מועצה אזורית עמק חפר,ישוב
כפר חיים,32.3539817,34.9001418,מועצה אזורית עמק חפר,ישוב
משמר השרון,32.3564792,34.9033593,מועצה אזורית עמק חפר,ישוב
כפר מונש,32.3475348,34.9162242,מועצה אזורית עמק חפר,ישוב
יד חנה,32.3255163,35.0060999,מועצה אזורית עמק חפר,ישוב
בת חפר,32.3345015,35.012351,מועצה אזורית עמק חפר,ישוב
בארותיים,32.3218886,34.9828907,מועצה אזורית עמק חפר,ישוב
בורגתה,32.3264732,34.9629135,מועצה אזורית עמק חפר,ישוב
חניאל,32.3321351,34.9485815,מועצה אזורית עמק חפר,ישוב
גן יאשיה,32.3506691,34.9954017,מועצה אזורית עמק חפר,ישוב
אביחיל,32.3502322,34.8717347,מועצה אזורית עמק חפר,ישוב
בת חן,32.3602692,34.8723281,מועצה אזורית עמק חפר,ישוב
צוקי ים,32.3613476,34.8586835,מועצה אזורית עמק חפר,ישוב
שושנת העמקים,32.3543061,34.8567151,מועצה אזורית עמק חפר,ישוב
בית חרות,32.3758477,34.8741357,מועצה אזורית עמק חפר,ישוב
חופית,32.3856586,34.8755505,מועצה אזורית עמק חפר,ישוב
בית ינאי,32.3775275,34.8629629,מועצה אזורית עמק חפר,ישוב
חגלה,32.3875165,34.9257315,מועצה אזורית עמק חפר,ישוב
הדר עם,32.3490842,34.9005646,מועצה אזורית עמק חפר,ישוב
בחן,32.3510073,35.019131,מועצה אזורית עמק חפר,ישוב
עולש,32.3317108,34.9862175,מועצה אזורית עמק חפר,ישוב
אחיטוב,32.3873272,34.9914108,מועצה אזורית עמק חפר,ישוב
גאולי תימן,32.3920841,34.9012083,מועצה אזורית עמק חפר,ישוב
ביתן אהרן,32.3660377,34.8693,מועצה אזורית עמק חפר,ישוב
בית הלוי,32.3535046,34.9312543,מועצה אזורית עמק חפר,ישוב
גבעת חיים (מאוחד),32.3918515,34.931902,מועצה אזורית עמק חפר,ישוב
אלישיב,32.3802538,34.9092219,מועצה אזורית עמק חפר,ישוב
כפר ידידיה,32.344942,34.9000198,מועצה אזורית עמק חפר,ישוב
חרב לאת,32.4012716,34.9170982,מועצה אזורית עמק חפר,ישוב
מכמורת,32.4062774,34.8728998,מועצה אזורית עמק חפר,ישוב
מעברות,32.3639465,34.9046905,מועצה אזורית עמק חפר,ישוב
כפר הרא״ה,32.3897506,34.9118525,מועצה אזורית עמק חפר,ישוב
חבצלת השרון,32.3610498,34.8616896,מועצה אזורית עמק חפר,ישוב
חיבת ציון,32.3987871,34.9120169,מועצה אזורית עמק חפר,ישוב
עין החורש,32.3863188,34.9400265,מועצה אזורית עמק חפר,ישוב
גבעת שפירא,32.3578622,34.8762757,מועצה אזורית עמק חפר,ישוב
המעפיל,32.3783322,34.9839792,מועצה אזורית עמק חפר,ישוב
גבעת חיים (איחוד),32.4002771,34.9330496,מועצה אזורית עמק חפר,ישוב
בית יצחק - שער חפר,32.3345648,34.8905446,מועצה אזורית עמק חפר,ישוב
העוגן,32.3619422,34.9231606,מועצה אזורית עמק חפר,ישוב
אומץ,32.3715218,34.9961912,מועצה אזורית עמק חפר,ישוב
גליל ים,32.1568799,34.8299871,מועצה אזורית חוף השרון,ישוב
בית יהושע,32.2592916,34.8660021,מועצה אזורית חוף השרון,ישוב
תל יצחק,32.2527746,34.8696976,מועצה אזורית חוף השרון,ישוב
בצרה,32.2143238,34.8779919,מועצה אזורית חוף השרון,ישוב
חרוצים,32.2275023,34.8641079,מועצה אזורית חוף השרון,ישוב
בני ציון,32.2203585,34.8686714,מועצה אזורית חוף השרון,ישוב
געש,32.2288879,34.8234798,מועצה אזורית חוף השרון,ישוב
יקום,32.2485734,34.842087,מועצה אזורית חוף השרון,ישוב
כפר נטר,32.279642,34.8769601,מועצה אזורית חוף השרון,ישוב
אודים,32.2647709,34.8469332,מועצה אזורית חוף השרון,ישוב
שפיים,32.2169192,34.8248191,מועצה אזורית חוף השרון,ישוב
ארסוף,32.2141274,34.8168147,מועצה אזורית חוף השרון,ישוב
רשפון,32.1995547,34.8244371,מועצה אזורית חוף השרון,ישוב
ארסוף קדם,32.2060183,34.820678,מועצה אזורית חוף השרון,ישוב
בית רימון,32.7819472,35.3277836,מועצה אזורית גליל תחתון,ישוב
אילניה,32.754961,35.4074724,מועצה אזורית גליל תחתון,ישוב
שרונה,32.7254465,35.4669505,מועצה אזורית גליל תחתון,ישוב
חוות השומר,32.7580406,35.4038394,מועצה אזורית גליל תחתון,ישוב
בית קשת,32.7184192,35.3954738,מועצה אזורית גליל תחתון,ישוב
כפר חיטים,32.7993441,35.5010491,מועצה אזורית גליל תחתון,ישוב
שדמות דבורה,32.6954933,35.4374472,מועצה אזורית גליל תחתון,ישוב
מצפה,32.7902724,35.5085407,מועצה אזורית גליל תחתון,ישוב
הזורעים,32.7457141,35.5031884,מועצה אזורית גליל תחתון,ישוב
מסד,32.8433385,35.4229425,מועצה אזורית גליל תחתון,ישוב
כפר זיתים,32.8106577,35.4637873,מועצה אזורית גליל תחתון,ישוב
לביא,32.7872253,35.4416661,מועצה אזורית גליל תחתון,ישוב
גבעת אבני,32.774457,35.4383706,מועצה אזורית גליל תחתון,ישוב
מצפה נטופה,32.8029167,35.3846403,מועצה אזורית גליל תחתון,ישוב
כפר קיש,32.6663613,35.4487944,מועצה אזורית גליל תחתון,ישוב
שדה אילן,32.7493317,35.4226101,מועצה אזורית גליל תחתון,ישוב
כדורי,32.703902,35.4066677,מועצה אזורית גליל תחתון,ישוב
ארבל,32.8120793,35.4839284,מועצה אזורית גליל תחתון,ישוב
רומת היב,32.7784833,35.305222,מועצה אזורית אל בטוף,ישוב
עוזיר,32.7900696,35.3271751,מועצה אזורית אל בטוף,ישוב
ואדי אל-חמאם,32.8295555,35.4903983,מועצה אזורית אל בטוף,ישוב
רומאנה,32.7881972,35.3111645,מועצה אזורית אל בטוף,ישוב
לוטם,32.8817394,35.3584971,מועצה אזורית משגב,ישוב
יודפת,32.8372367,35.2715538,מועצה אזורית משגב,ישוב
כמון,32.9113891,35.3612558,מועצה אזורית משגב,ישוב
מעלה צביה,32.8894552,35.3306239,מועצה אזורית משגב,ישוב
מורן,32.921571,35.393461,מועצה אזורית משגב,ישוב
חרשים,32.9569673,35.3279785,מועצה אזורית משגב,ישוב
הררית,32.8457853,35.369171,מועצה אזורית משגב,ישוב
שכניה,32.8487331,35.246984,מועצה אזורית משגב,ישוב
אבטליון,32.8361797,35.3502704,מועצה אזורית משגב,ישוב
עצמון שגב,32.8659821,35.2512054,מועצה אזורית משגב,ישוב
שורשים,32.8927231,35.2599068,מועצה אזורית משגב,ישוב
סלמה,32.8936503,35.3699046,מועצה אזורית משגב,ישוב
רקפת,32.8547224,35.2642924,מועצה אזורית משגב,ישוב
צורית,32.9030676,35.2523745,מועצה אזורית משגב,ישוב
קורנית,32.8436279,35.2513199,מועצה אזורית משגב,ישוב
אשחר,32.8851173,35.3001894,מועצה אזורית משגב,ישוב
הר חלוץ,32.950674,35.3121922,מועצה אזורית משגב,ישוב
מכמנים,32.9061108,35.3287602,מועצה אזורית משגב,ישוב
תובל,32.9290739,35.2447876,מועצה אזורית משגב,ישוב
יובלים,32.8775051,35.2705626,מועצה אזורית משגב,ישוב
לבון,32.9424551,35.2871026,מועצה אזורית משגב,ישוב
יחד,32.845569,35.360563,מועצה אזורית משגב,ישוב
כישור,32.945775,35.2495375,מועצה אזורית משגב,ישוב
יעד,32.8782597,35.2435683,מועצה אזורית משגב,ישוב
פלך,32.9338767,35.2335678,מועצה אזורית משגב,ישוב
ערב א-נעים,32.8878763,35.2895564,מועצה אזורית משגב,ישוב
אשבל,32.876801,35.3049739,מועצה אזורית משגב,ישוב
מנוף,32.8541336,35.2367706,מועצה אזורית משגב,ישוב
דמיידה,32.8154622,35.2271343,מועצה אזורית משגב,ישוב
מצפה אביב,32.8369091,35.2020716,מועצה אזורית משגב,ישוב
גילון,32.9029028,35.2354622,מועצה אזורית משגב,ישוב
טל-אל,32.9272624,35.1772552,מועצה אזורית משגב,ישוב
מורשת,32.8268051,35.2328758,מועצה אזורית משגב,ישוב
חוסנייה,32.8993807,35.3215263,מועצה אזורית משגב,ישוב
כמאנה מערבית,32.9090851,35.3398417,מועצה אזורית משגב,ישוב
חמדון,32.8849239,35.3646877,מועצה אזורית משגב,ישוב
ערב אל מוריסאת,32.8906881,35.3656747,מועצה אזורית משגב,ישוב
ראס אל-עין,32.9158041,35.3726649,מועצה אזורית משגב,ישוב
חוג'ייראת,32.8349762,35.2891689,מועצה אזורית משגב,ישוב
כמאנה מזרחית,32.9085306,35.3545572,מועצה אזורית משגב,ישוב
כמאנה,32.9087019,35.3364985,מועצה אזורית משגב,ישוב
מירון,32.9886409,35.440278,מועצה אזורית מרום הגליל,ישוב
כפר שמאי,32.9574173,35.4579027,מועצה אזורית מרום הגליל,ישוב
דלתון,33.0166712,35.4891906,מועצה אזורית מרום הגליל,ישוב
חמדת ימים,32.9488949,35.4245296,מועצה אזורית מרום הגליל,ישוב
חזון,32.9067724,35.394977,מועצה אזורית מרום הגליל,ישוב
עין אל אסד,32.9402935,35.4010052,מועצה אזורית מרום הגליל,ישוב
ביריה,32.9775883,35.5006493,מועצה אזורית מרום הגליל,ישוב
כלנית,32.8749932,35.4527711,מועצה אזורית מרום הגליל,ישוב
אמירים,32.9374962,35.4499969,מועצה אזורית מרום הגליל,ישוב
דוב״ב,33.0524574,35.4074874,מועצה אזורית מרום הגליל,ישוב
שזור,32.9327346,35.3535015,מועצה אזורית מרום הגליל,ישוב
שפר,32.9433182,35.4354282,מועצה אזורית מרום הגליל,ישוב
עלמה,33.0521283,35.4988072,מועצה אזורית מרום הגליל,ישוב
כרם בן זמרה,33.0388862,35.468049,מועצה אזורית מרום הגליל,ישוב
כפר חנניה,32.9161093,35.4241459,מועצה אזורית מרום הגליל,ישוב
טפחות,32.8684279,35.4238096,מועצה אזורית מרום הגליל,ישוב
ריחאנייה,33.0482032,35.4872846,מועצה אזורית מרום הגליל,ישוב
פרוד,32.9333327,35.4333299,מועצה אזורית מרום הגליל,ישוב
כפר חושן,33.0108471,35.4386655,מועצה אזורית מרום הגליל,ישוב
אביבים,33.0886777,35.4729375,מועצה אזורית מרום הגליל,ישוב
אור הגנוז,33.005079,35.4475065,מועצה אזורית מרום הגליל,ישוב
בר יוחאי,32.9970032,35.4481169,מועצה אזורית מרום הגליל,ישוב
ליבנים,32.8639423,35.4935744,מועצה אזורית מרום הגליל,ישוב
עמוקה,32.9979671,35.5242497,מועצה אזורית מרום הגליל,ישוב
כדיתה,33.0066179,35.4667726,מועצה אזורית מרום הגליל,ישוב
ענבר,32.9101401,35.4226255,מועצה אזורית מרום הגליל,ישוב
כפר מסריק,32.8910595,35.1001125,מועצה אזורית מטה אשר,ישוב
שומרת,32.9504776,35.0965233,מועצה אזורית מטה אשר,ישוב
לוחמי הגטאות,32.9628515,35.097375,מועצה אזורית מטה אשר,ישוב
נס עמים,32.9656707,35.1211467,מועצה אזורית מטה אשר,ישוב
אפק,32.8401655,35.1278912,מועצה אזורית מטה אשר,ישוב
שייח דנון,32.9943175,35.1479211,מועצה אזורית מטה אשר,ישוב
יחיעם,32.9967146,35.2204512,מועצה אזורית מטה אשר,ישוב
רגבה,32.9779642,35.0996706,מועצה אזורית מטה אשר,ישוב
גשר הזיו,33.0394679,35.1109814,מועצה אזורית מטה אשר,ישוב
חניתה,33.0874108,35.1733471,מועצה אזורית מטה אשר,ישוב
בוסתן הגליל,32.9505232,35.0817793,מועצה אזורית מטה אשר,ישוב
סער,33.0293646,35.1093238,מועצה אזורית מטה אשר,ישוב
געתון,33.0057124,35.2137501,מועצה אזורית מטה אשר,ישוב
מצובה,33.0629442,35.1570974,מועצה אזורית מטה אשר,ישוב
לימן,33.0595032,35.1130278,מועצה אזורית מטה אשר,ישוב
בן עמי,33.0042191,35.1241783,מועצה אזורית מטה אשר,ישוב
יסעור,32.9010935,35.1663465,מועצה אזורית מטה אשר,ישוב
עמקה,32.9792441,35.1642671,מועצה אזורית מטה אשר,ישוב
כרי נעמן,32.8811651,35.0991091,מועצה אזורית מטה אשר,ישוב
אדמית,33.0795856,35.2102543,מועצה אזורית מטה אשר,ישוב
בצת,33.0708449,35.136107,מועצה אזורית מטה אשר,ישוב
עין המפרץ,32.9036151,35.0961117,מועצה אזורית מטה אשר,ישוב
נתיב השיירה,32.9928246,35.1355166,מועצה אזורית מטה אשר,ישוב
כברי,33.0214987,35.1485013,מועצה אזורית מטה אשר,ישוב
בית העמק,32.9704922,35.1461366,מועצה אזורית מטה אשר,ישוב
שבי ציון,32.980597,35.0832938,מועצה אזורית מטה אשר,ישוב
אילון,33.0633456,35.2197473,מועצה אזורית מטה אשר,ישוב
עברון,32.9926009,35.1002025,מועצה אזורית מטה אשר,ישוב
אחיהוד,32.908312,35.1723837,מועצה אזורית מטה אשר,ישוב
ראש הנקרה,33.0857479,35.1150819,מועצה אזורית מטה אשר,ישוב
כליל,32.9855303,35.2004778,מועצה אזורית מטה אשר,ישוב
עראמשה,33.0885693,35.2265036,מועצה אזורית מטה אשר,ישוב
ערב אל עראמשה,33.0908246,35.2135827,מועצה אזורית מטה אשר,ישוב
אשרת,32.9717328,35.1564958,מועצה אזורית מטה אשר,ישוב
אושה,32.7955189,35.1144019,מועצה אזורית זבולון,ישוב
שער העמקים,32.7230505,35.1131062,מועצה אזורית זבולון,ישוב
רמת יוחנן,32.7925038,35.1213847,מועצה אזורית זבולון,ישוב
כפר המכבי,32.7910628,35.1149003,מועצה אזורית זבולון,ישוב
איבטין,32.7607812,35.1131894,מועצה אזורית זבולון,ישוב
כפר חסידים,32.7519478,35.0935521,מועצה אזורית זבולון,ישוב
אורנים,32.7116768,35.1079584,מועצה אזורית זבולון,ישוב
יגור,32.7428565,35.0781325,מועצה אזורית זבולון,ישוב
כפר הנוער הדתי,32.7426708,35.1014038,מועצה אזורית זבולון,ישוב
כפר ביאליק,32.8203929,35.0869133,מועצה אזורית זבולון,ישוב
נופית,32.7586157,35.14735,מועצה אזורית זבולון,ישוב
חוואלד,32.7707681,35.1360134,מועצה אזורית זבולון,ישוב
ראס עלי,32.7721199,35.1542287,מועצה אזורית זבולון,ישוב
משמרת,32.2279787,34.9220495,מועצה אזורית לב השרון,ישוב
חרות,32.2402969,34.9150051,מועצה אזורית לב השרון,ישוב
כפר יעבץ,32.2738189,34.966859,מועצה אזורית לב השרון,ישוב
עזריאל,32.2629094,34.9712077,מועצה אזורית לב השרון,ישוב
ינוב,32.3060551,34.9504619,מועצה אזורית לב השרון,ישוב
גאולים,32.2962452,34.9474014,מועצה אזורית לב השרון,ישוב
ניצני עוז,32.3054855,35.0048861,מועצה אזורית לב השרון,ישוב
כפר הס,32.2457804,34.9339746,מועצה אזורית לב השרון,ישוב
כפר עבודה,32.2569466,34.9420929,מועצה אזורית לב השרון,ישוב
פורת,32.2762739,34.9494718,מועצה אזורית לב השרון,ישוב
שער אפרים,32.2889798,34.9974416,מועצה אזורית לב השרון,ישוב
נורדיה,32.31478,34.8961822,מועצה אזורית לב השרון,ישוב
בני דרור,32.2618622,34.900238,מועצה אזורית לב השרון,ישוב
עין ורד,32.2653177,34.9317604,מועצה אזורית לב השרון,ישוב
תנובות,32.305202,34.9620671,מועצה אזורית לב השרון,ישוב
גנות הדר,32.3195061,34.9001402,מועצה אזורית לב השרון,ישוב
צור משה,32.2978073,34.9135462,מועצה אזורית לב השרון,ישוב
יעף,32.2683414,34.9659156,מועצה אזורית לב השרון,ישוב
עין שריד,32.2741205,34.9353718,מועצה אזורית לב השרון,ישוב
קיסריה,32.5114971,34.9057861,מועצה אזורית חוף הכרמל,ישוב
שדות ים,32.4921593,34.8933053,מועצה אזורית חוף הכרמל,ישוב
עתלית,32.690712,34.9422744,מועצה אזורית חוף הכרמל,ישוב
נווה ים,32.6791606,34.9318092,מועצה אזורית חוף הכרמל,ישוב
נחשולים,32.6138484,34.92063,מועצה אזורית חוף הכרמל,ישוב
מעגן מיכאל,32.5553209,34.9166572,מועצה אזורית חוף הכרמל,ישוב
עין הוד,32.7005017,34.9825964,מועצה אזורית חוף הכרמל,ישוב
צרופה,32.6482373,34.9480485,מועצה אזורית חוף הכרמל,ישוב
מעיין צבי,32.5683241,34.9400745,מועצה אזורית חוף הכרמל,ישוב
דור,32.6075668,34.9230461,מועצה אזורית חוף הכרמל,ישוב
בית אורן,32.730556,35.005556,מועצה אזורית חוף הכרמל,ישוב
בת שלמה,32.5994386,35.0029516,מועצה אזורית חוף הכרמל,ישוב
מגדים,32.7290313,34.9619508,מועצה אזורית חוף הכרמל,ישוב
ימין אורד,32.7016557,34.9897773,מועצה אזורית חוף הכרמל,ישוב
עין איילה,32.6287327,34.9454021,מועצה אזורית חוף הכרמל,ישוב
גבע כרמל,32.6636235,34.9549687,מועצה אזורית חוף הכרמל,ישוב
הבונים,32.6371881,34.9327996,מועצה אזורית חוף הכרמל,ישוב
עופר,32.6220894,34.9828033,מועצה אזורית חוף הכרמל,ישוב
עין כרמל,32.6770088,34.9531216,מועצה אזורית חוף הכרמל,ישוב
כפר גלים,32.7665815,34.9593308,מועצה אזורית חוף הכרמל,ישוב
"כרם מהר""ל",32.6461207,34.9899618,מועצה אזורית חוף הכרמל,ישוב
בית חנניה,32.5282617,34.92503,מועצה אזורית חוף הכרמל,ישוב
החותרים,32.7514976,34.9567795,מועצה אזורית חוף הכרמל,ישוב
ניר עציון,32.6975838,34.9936059,מועצה אזורית חוף הכרמל,ישוב
עין חוד,32.6915351,34.9995301,מועצה אזורית חוף הכרמל,ישוב
כפר הנוער מאיר שפיה,32.5914537,34.9709102,מועצה אזורית חוף הכרמל,ישוב
משמרות,32.4874752,34.9850386,מועצה אזורית מנשה,ישוב
מצר,32.4404285,35.0476791,מועצה אזורית מנשה,ישוב
להבות חביבה,32.3958732,35.0103906,מועצה אזורית מנשה,ישוב
שדה יצחק,32.4051186,34.9938162,מועצה אזורית מנשה,ישוב
אלוני יצחק,32.5106111,35.003597,מועצה אזורית מנשה,ישוב
גן השומרון,32.4639095,34.9984491,מועצה אזורית מנשה,ישוב
מאור,32.4239237,35.006394,מועצה אזורית מנשה,ישוב
ברקאי,32.475134,35.0300253,מועצה אזורית מנשה,ישוב
גבעת חביבה,32.4580225,35.0219504,מועצה אזורית מנשה,ישוב
עין שמר,32.4629224,35.0073711,מועצה אזורית מנשה,ישוב
כפר פינס,32.4838889,35.0034441,מועצה אזורית מנשה,ישוב
רגבים,32.5240949,35.0345429,מועצה אזורית מנשה,ישוב
כפר גליקסון,32.504959,35.004799,מועצה אזורית מנשה,ישוב
גן שמואל,32.451832,34.9498546,מועצה אזורית מנשה,ישוב
אום אל קוטוף,32.468056,35.058889,מועצה אזורית מנשה,ישוב
מי עמי,32.5046656,35.1465087,מועצה אזורית מנשה,ישוב
עין עירון,32.4835067,35.0098921,מועצה אזורית מנשה,ישוב
מענית,32.4560127,35.0280805,מועצה אזורית מנשה,ישוב
מגל,32.38522,35.0351579,מועצה אזורית מנשה,ישוב
קציר,32.4886297,35.1016891,מועצה אזורית מנשה,ישוב
מצפה אילן,32.461529,35.0691813,מועצה אזורית מנשה,ישוב
אל עריאן,32.4979223,35.1255776,מועצה אזורית מנשה,ישוב
מייסר,32.4451045,35.0404881,מועצה אזורית מנשה,ישוב
תלמי אלעזר,32.4431655,34.9737349,מועצה אזורית מנשה,ישוב
שתולה,33.084763,35.3143141,מועצה אזורית מעלה יוסף,ישוב
צוריאל,33.0059947,35.3141186,מועצה אזורית מעלה יוסף,ישוב
עין יעקב,33.0095478,35.2292923,מועצה אזורית מעלה יוסף,ישוב
לפידות,32.9592382,35.2620596,מועצה אזורית מעלה יוסף,ישוב
עבדון,33.0479451,35.1794373,מועצה אזורית מעלה יוסף,ישוב
זרעית,33.0996431,35.2886449,מועצה אזורית מעלה יוסף,ישוב
גורן,33.0563927,35.2369919,מועצה אזורית מעלה יוסף,ישוב
חוסן,32.9975754,35.2979856,מועצה אזורית מעלה יוסף,ישוב
מעונה,33.0167071,35.2597388,מועצה אזורית מעלה יוסף,ישוב
אבן מנחם,33.0736105,35.2941382,מועצה אזורית מעלה יוסף,ישוב
אלקוש,33.0341637,35.3241745,מועצה אזורית מעלה יוסף,ישוב
שומרה,33.0818094,35.2841818,מועצה אזורית מעלה יוסף,ישוב
יערה,33.0674207,35.1858477,מועצה אזורית מעלה יוסף,ישוב
מנות,33.0383637,35.1946918,מועצה אזורית מעלה יוסף,ישוב
פקיעין החדשה,32.9830176,35.3227602,מועצה אזורית מעלה יוסף,ישוב
נווה זיו,33.0275858,35.1834948,מועצה אזורית מעלה יוסף,ישוב
מצפה הילה,33.0358267,35.2443398,מועצה אזורית מעלה יוסף,ישוב
אבירים,33.0386467,35.2871399,מועצה אזורית מעלה יוסף,ישוב
מתת,33.0415441,35.3598303,מועצה אזורית מעלה יוסף,ישוב
נטועה,33.0649415,35.3233116,מועצה אזורית מעלה יוסף,ישוב
גרנות הגליל,33.0595371,35.2496455,מועצה אזורית מעלה יוסף,ישוב
גיתה,32.9672482,35.249074,מועצה אזורית מעלה יוסף,ישוב
אביאל,32.5325097,34.9933907,מועצה אזורית אלונה,ישוב
"גבעת ניל""י",32.5472691,35.0423428,מועצה אזורית אלונה,ישוב
עמיקם,32.5638651,35.020477,מועצה אזורית אלונה,ישוב
מבטחים,31.2417561,34.4072666,מועצה אזורית אשכול,ישוב
אורים,31.3041665,34.521977,מועצה אזורית אשכול,ישוב
עמיעוז,31.24831,34.4139745,מועצה אזורית אשכול,ישוב
ניר עוז,31.3095982,34.400815,מועצה אזורית אשכול,ישוב
עין השלושה,31.3513501,34.400966,מועצה אזורית אשכול,ישוב
צאלים,31.2036632,34.5338387,מועצה אזורית אשכול,ישוב
כיסופים,31.3741608,34.3994488,מועצה אזורית אשכול,ישוב
בארי,31.4241619,34.4911156,מועצה אזורית אשכול,ישוב
ניר יצחק,31.2378574,34.3577888,מועצה אזורית אשכול,ישוב
גבולות,31.2111135,34.4652467,מועצה אזורית אשכול,ישוב
רעים,31.3848038,34.4585901,מועצה אזורית אשכול,ישוב
ישע,31.246415,34.4032541,מועצה אזורית אשכול,ישוב
נירים,31.335199,34.395,מועצה אזורית אשכול,ישוב
מגן,31.2990681,34.4289248,מועצה אזורית אשכול,ישוב
כרם שלום,31.2277096,34.2839544,מועצה אזורית אשכול,ישוב
סופה,31.2365143,34.3426422,מועצה אזורית אשכול,ישוב
חולית,31.2318728,34.3265102,מועצה אזורית אשכול,ישוב
פרי גן,31.2228545,34.3528747,מועצה אזורית אשכול,ישוב
תלמי יוסף,31.2005275,34.3638285,מועצה אזורית אשכול,ישוב
דקל,31.194067,34.3478622,מועצה אזורית אשכול,ישוב
שדי אברהם,31.2121265,34.3358477,מועצה אזורית אשכול,ישוב
יתד,31.2059601,34.3274363,מועצה אזורית אשכול,ישוב
אבשלום,31.1950932,34.3307877,מועצה אזורית אשכול,ישוב
יבול,31.1887802,34.3203981,מועצה אזורית אשכול,ישוב
עין הבשור,31.280566,34.4437627,מועצה אזורית אשכול,ישוב
אוהד,31.2377429,34.4304539,מועצה אזורית אשכול,ישוב
צוחר,31.2360988,34.4270729,מועצה אזורית אשכול,ישוב
תלמי אליהו,31.2300278,34.4294776,מועצה אזורית אשכול,ישוב
שדה ניצן,31.2284956,34.4174077,מועצה אזורית אשכול,ישוב
בני נצרים,31.140986,34.3147298,מועצה אזורית אשכול,ישוב
נווה,31.1620776,34.3300605,מועצה אזורית אשכול,ישוב
שלומית,31.1685255,34.3035802,מועצה אזורית אשכול,ישוב
הודיה,31.6756487,34.6398404,מועצה אזורית חוף אשקלון,ישוב
מבקיעים,31.6221558,34.5771198,מועצה אזורית חוף אשקלון,ישוב
משען,31.6576442,34.6237776,מועצה אזורית חוף אשקלון,ישוב
ברכיה,31.6678257,34.6268196,מועצה אזורית חוף אשקלון,ישוב
בית שיקמה,31.6374791,34.6104564,מועצה אזורית חוף אשקלון,ישוב
גברעם,31.5909454,34.6115031,מועצה אזורית חוף אשקלון,ישוב
כוכב מיכאל,31.6274859,34.6670889,מועצה אזורית חוף אשקלון,ישוב
ניר ישראל,31.6873424,34.6364148,מועצה אזורית חוף אשקלון,ישוב
גיאה,31.6275573,34.6024158,מועצה אזורית חוף אשקלון,ישוב
חלץ,31.5774293,34.6575334,מועצה אזורית חוף אשקלון,ישוב
זיקים,31.609373,34.5221474,מועצה אזורית חוף אשקלון,ישוב
ניצנים,31.7168321,34.634187,מועצה אזורית חוף אשקלון,ישוב
תלמי יפה,31.6168578,34.6132893,מועצה אזורית חוף אשקלון,ישוב
יד מרדכי,31.5886771,34.5589997,מועצה אזורית חוף אשקלון,ישוב
ניצן,31.7399419,34.6318163,מועצה אזורית חוף אשקלון,ישוב
נתיב העשרה,31.5716799,34.5395488,מועצה אזורית חוף אשקלון,ישוב
בת הדר,31.646519,34.5960329,מועצה אזורית חוף אשקלון,ישוב
באר גנים,31.7000465,34.610653,מועצה אזורית חוף אשקלון,ישוב
ניצן ב׳,31.7361186,34.6359688,מועצה אזורית חוף אשקלון,ישוב
כרמיה,31.6053505,34.5430183,מועצה אזורית חוף אשקלון,ישוב
מלילות,31.3900104,34.5959269,מועצה אזורית שדות נגב,ישוב
תקומה,31.4485605,34.5775724,מועצה אזורית שדות נגב,ישוב
שובה,31.4500142,34.5454341,מועצה אזורית שדות נגב,ישוב
כפר מימון,31.4308052,34.5363846,מועצה אזורית שדות נגב,ישוב
מעגלים,31.3974042,34.5983178,מועצה אזורית שדות נגב,ישוב
בית הגדי,31.4239086,34.606739,מועצה אזורית שדות נגב,ישוב
גבעולים,31.3963714,34.5915141,מועצה אזורית שדות נגב,ישוב
עלומים,31.4521295,34.5137154,מועצה אזורית שדות נגב,ישוב
יזרעם,31.4428197,34.5729015,מועצה אזורית שדות נגב,ישוב
שוקדה,31.4216668,34.5253818,מועצה אזורית שדות נגב,ישוב
סעד,31.470029,34.5355347,מועצה אזורית שדות נגב,ישוב
תושייה,31.4332368,34.5411813,מועצה אזורית שדות נגב,ישוב
זימרת,31.4472752,34.55233,מועצה אזורית שדות נגב,ישוב
שרשרת,31.4046369,34.6041162,מועצה אזורית שדות נגב,ישוב
שיבולים,31.3959804,34.6089348,מועצה אזורית שדות נגב,ישוב
זרועה,31.4593766,34.6235081,מועצה אזורית שדות נגב,ישוב
יושיביה,31.4435485,34.6091452,מועצה אזורית שדות נגב,ישוב
רוחמה,31.4971107,34.7066969,מועצה אזורית שער הנגב,ישוב
איבים,31.5332929,34.6100744,מועצה אזורית שער הנגב,ישוב
כפר עזה,31.4833351,34.5333225,מועצה אזורית שער הנגב,ישוב
גבים,31.5067391,34.5991766,מועצה אזורית שער הנגב,ישוב
ברור חיל,31.5597901,34.6491564,מועצה אזורית שער הנגב,ישוב
דורות,31.506606,34.645993,מועצה אזורית שער הנגב,ישוב
מפלסים,31.5026787,34.5621232,מועצה אזורית שער הנגב,ישוב
נחל עוז,31.4724074,34.4982114,מועצה אזורית שער הנגב,ישוב
ארז,31.5605003,34.5666313,מועצה אזורית שער הנגב,ישוב
ניר עם,31.5193144,34.5807617,מועצה אזורית שער הנגב,ישוב
יכיני,31.4832232,34.6000858,מועצה אזורית שער הנגב,ישוב
אור הנר,31.5575591,34.6000531,מועצה אזורית שער הנגב,ישוב
צופים,32.1981952,35.0096527,מועצה אזורית שומרון,ישוב
סלעית,32.2428207,35.0508118,מועצה אזורית שומרון,ישוב
אבני חפץ,32.2847457,35.0735508,מועצה אזורית שומרון,ישוב
שבי שומרון,32.2632266,35.1847555,מועצה אזורית שומרון,ישוב
עינב,32.284654,35.1264335,מועצה אזורית שומרון,ישוב
עלי זהב,32.071123,35.0633541,מועצה אזורית שומרון,ישוב
פדואל,32.0618402,35.0531672,מועצה אזורית שומרון,ישוב
חיננית,32.4807492,35.1735487,מועצה אזורית שומרון,ישוב
שקד,32.4737016,35.1686012,מועצה אזורית שומרון,ישוב
ריחן,32.4687018,35.1352008,מועצה אזורית שומרון,ישוב
עץ אפרים,32.1191908,35.0469433,מועצה אזורית שומרון,ישוב
שערי תקוה,32.1206446,35.0292622,מועצה אזורית שומרון,ישוב
איתמר,32.1744995,35.3083649,מועצה אזורית שומרון,ישוב
אלון מורה,32.2357073,35.3316268,מועצה אזורית שומרון,ישוב
הר ברכה,32.1924095,35.2651028,מועצה אזורית שומרון,ישוב
חרמש,32.4232445,35.1187592,מועצה אזורית שומרון,ישוב
טל מנשה,32.4834453,35.1604264,מועצה אזורית שומרון,ישוב
יצהר,32.1686097,35.2337655,מועצה אזורית שומרון,ישוב
יקיר,32.1493843,35.1145215,מועצה אזורית שומרון,ישוב
כפר תפוח,32.1190711,35.2500919,מועצה אזורית שומרון,ישוב
מבוא דותן,32.4207276,35.1748061,מועצה אזורית שומרון,ישוב
מגדלים,32.0898796,35.3423054,מועצה אזורית שומרון,ישוב
קריית נטפים,32.1164532,35.1126872,מועצה אזורית שומרון,ישוב
רחלים,32.1028268,35.2569545,מועצה אזורית שומרון,ישוב
נופי נחמיה,32.0982619,35.2360311,מועצה אזורית שומרון,ישוב
ברוכין,32.0821317,35.0907027,מועצה אזורית שומרון,ישוב
סנה יעקב,32.178602,35.2623832,מועצה אזורית שומרון,ישוב
גבעה 851,32.1667395,35.3359648,מועצה אזורית שומרון,ישוב
גבעות עולם,32.1611267,35.3528306,מועצה אזורית שומרון,ישוב
ברקן,32.1066179,35.1065559,מועצה אזורית שומרון,ישוב
נופים,32.1552683,35.1008663,מועצה אזורית שומרון,ישוב
רבבה,32.1191025,35.1276417,מועצה אזורית שומרון,ישוב
לשם,32.0697182,35.0508392,מועצה אזורית שומרון,ישוב
שלהבת,32.1705589,35.2281785,מועצה אזורית שומרון,ישוב
נחלה,32.1703633,35.2329128,מועצה אזורית שומרון,ישוב
שכונת הקראוונים,32.1690662,35.239316,מועצה אזורית שומרון,ישוב
חומש,32.3093084,35.1925982,מועצה אזורית שומרון,ישוב
מעוז צבי,32.424935,35.1651345,מועצה אזורית שומרון,ישוב
חרבת סורוג',32.4875247,35.1968481,מועצה אזורית שומרון,ישוב
אום א-ריחאן,32.4835623,35.141936,מועצה אזורית שומרון,ישוב
טורה אל-שרקייה,32.4662099,35.1657712,מועצה אזורית שומרון,ישוב
חרבת אל-מונטאר אל ר'רבייה,32.4611891,35.1127953,מועצה אזורית שומרון,ישוב
חוות אלומות,32.1607414,35.3342055,מועצה אזורית שומרון,ישוב
אל נווה,32.437817,35.1130827,מועצה אזורית שומרון,ישוב
מגד הארץ,32.2936049,35.066543,מועצה אזורית שומרון,ישוב
סרעיאה,31.2621229,34.9696398,מועצה אזורית אל-קסום,ישוב
תראבין א-צאנע,31.2805329,34.8737025,מועצה אזורית אל-קסום,ישוב
תראבין א-צאנע,31.3428451,34.7355496,מועצה אזורית אל-קסום,ישוב
מכחול,31.2883138,35.0753893,מועצה אזורית אל-קסום,ישוב
דריג'את,31.3005896,35.0753744,מועצה אזורית אל-קסום,ישוב
אום בטין,31.2757636,34.8838656,מועצה אזורית אל-קסום,ישוב
אטרש,31.2540525,34.9684377,מועצה אזורית אל-קסום,ישוב
מולדה,31.2582313,34.9824198,מועצה אזורית אל-קסום,ישוב
כוחלה,31.2853735,35.0574735,מועצה אזורית אל-קסום,ישוב
אל סייד,31.2832614,34.9130197,מועצה אזורית אל-קסום,ישוב
